image_path,category,industry,style,width_px,height_px,color_count,has_text
logos/img_0000.png,Pictorial,Sustainability,Trustworthy,1024,256,3,False
logos/img_0001.png,Combination,Finance,Bold,512,512,3,False
logos/img_0002.png,Wordmark,Healthcare,Luxury,1024,1024,5,False
logos/img_0003.png,Combination,Real Estate,Minimalist,512,256,4,True
logos/img_0004.png,Combination,Real Estate,Creative,256,512,7,True
logos/img_0005.png,Lettermark,Retail,Minimalist,512,256,4,True
logos/img_0006.png,Wordmark,Education,Playful,512,256,2,True
logos/img_0007.png,Wordmark,Education,Innovative,256,1024,6,True
logos/img_0008.png,Wordmark,Food & Beverage,Minimalist,256,512,6,False
logos/img_0009.png,Combination,Travel,Innovative,1024,1024,2,False
logos/img_0010.png,Pictorial,Finance,Innovative,1024,1024,6,True
logos/img_0011.png,Wordmark,Education,Playful,256,256,3,True
logos/img_0012.png,Emblem,Healthcare,Playful,256,1024,6,True
logos/img_0013.png,Combination,Retail,Playful,256,512,6,False
logos/img_0014.png,Lettermark,Sustainability,Minimalist,512,1024,2,True
logos/img_0015.png,Pictorial,Food & Beverage,Trustworthy,512,1024,5,False
logos/img_0016.png,Emblem,Fashion,Playful,512,1024,6,False
logos/img_0017.png,Emblem,Technology,Creative,256,256,7,False
logos/img_0018.png,Lettermark,Sustainability,Minimalist,1024,512,6,False
logos/img_0019.png,Pictorial,Fashion,Playful,256,256,5,True
logos/img_0020.png,Combination,Real Estate,Professional,512,256,2,False
logos/img_0021.png,Abstract,Technology,Innovative,512,256,5,False
logos/img_0022.png,Pictorial,Finance,Creative,256,256,2,True
logos/img_0023.png,Lettermark,Healthcare,Playful,256,256,3,False
logos/img_0024.png,Emblem,Technology,Bold,512,512,2,False
logos/img_0025.png,Combination,Travel,Innovative,512,1024,3,False
logos/img_0026.png,Pictorial,Fashion,Innovative,512,256,3,True
logos/img_0027.png,Abstract,Finance,Playful,256,256,2,False
logos/img_0028.png,Abstract,Travel,Trustworthy,512,512,7,False
logos/img_0029.png,Wordmark,Real Estate,Luxury,512,512,4,True
logos/img_0030.png,Wordmark,Travel,Trustworthy,1024,1024,2,True
logos/img_0031.png,Lettermark,Food & Beverage,Playful,256,512,6,False
logos/img_0032.png,Pictorial,Food & Beverage,Innovative,1024,1024,7,False
logos/img_0033.png,Pictorial,Retail,Creative,1024,256,7,True
logos/img_0034.png,Emblem,Sustainability,Bold,512,256,6,False
logos/img_0035.png,Emblem,Sustainability,Creative,256,1024,4,True
logos/img_0036.png,Emblem,Finance,Creative,512,512,7,False
logos/img_0037.png,Wordmark,Real Estate,Innovative,256,1024,3,True
logos/img_0038.png,Pictorial,Education,Trustworthy,1024,512,4,False
logos/img_0039.png,Pictorial,Food & Beverage,Bold,256,256,6,True
logos/img_0040.png,Abstract,Finance,Minimalist,512,512,4,True
logos/img_0041.png,Wordmark,Education,Professional,512,1024,2,True
logos/img_0042.png,Combination,Sustainability,Innovative,512,1024,4,True
logos/img_0043.png,Wordmark,Retail,Playful,256,256,3,True
logos/img_0044.png,Combination,Travel,Minimalist,1024,512,2,False
logos/img_0045.png,Abstract,Food & Beverage,Professional,1024,512,5,False
logos/img_0046.png,Lettermark,Finance,Playful,256,512,6,True
logos/img_0047.png,Pictorial,Technology,Creative,512,256,6,False
logos/img_0048.png,Abstract,Education,Luxury,1024,512,4,False
logos/img_0049.png,Pictorial,Travel,Playful,512,1024,7,False
logos/img_0050.png,Emblem,Food & Beverage,Bold,256,512,2,False
logos/img_0051.png,Lettermark,Sustainability,Bold,512,256,5,False
logos/img_0052.png,Lettermark,Real Estate,Luxury,1024,512,2,False
logos/img_0053.png,Abstract,Education,Minimalist,1024,512,6,True
logos/img_0054.png,Lettermark,Sustainability,Professional,512,1024,2,False
logos/img_0055.png,Combination,Food & Beverage,Playful,256,512,5,False
logos/img_0056.png,Lettermark,Education,Bold,512,1024,7,False
logos/img_0057.png,Pictorial,Travel,Minimalist,256,1024,4,True
logos/img_0058.png,Pictorial,Food & Beverage,Luxury,512,256,3,False
logos/img_0059.png,Pictorial,Fashion,Trustworthy,1024,1024,2,False
logos/img_0060.png,Pictorial,Finance,Innovative,256,1024,3,False
logos/img_0061.png,Combination,Travel,Trustworthy,256,256,6,True
logos/img_0062.png,Wordmark,Education,Trustworthy,256,1024,4,False
logos/img_0063.png,Emblem,Real Estate,Bold,1024,256,4,True
logos/img_0064.png,Abstract,Sustainability,Creative,512,512,2,False
logos/img_0065.png,Pictorial,Technology,Creative,1024,256,7,True
logos/img_0066.png,Lettermark,Sustainability,Luxury,256,1024,4,True
logos/img_0067.png,Pictorial,Education,Playful,512,256,2,True
logos/img_0068.png,Lettermark,Sustainability,Creative,1024,1024,2,False
logos/img_0069.png,Emblem,Finance,Trustworthy,256,512,3,True
logos/img_0070.png,Emblem,Food & Beverage,Creative,256,256,4,True
logos/img_0071.png,Emblem,Technology,Trustworthy,1024,512,2,True
logos/img_0072.png,Lettermark,Healthcare,Professional,1024,1024,3,True
logos/img_0073.png,Pictorial,Education,Bold,1024,1024,5,False
logos/img_0074.png,Emblem,Retail,Bold,256,512,3,False
logos/img_0075.png,Combination,Healthcare,Playful,1024,256,3,False
logos/img_0076.png,Lettermark,Sustainability,Creative,256,256,2,False
logos/img_0077.png,Lettermark,Education,Creative,1024,1024,6,True
logos/img_0078.png,Pictorial,Fashion,Innovative,256,512,6,False
logos/img_0079.png,Lettermark,Retail,Minimalist,256,512,7,True
logos/img_0080.png,Lettermark,Technology,Professional,512,256,6,False
logos/img_0081.png,Emblem,Real Estate,Bold,1024,256,3,False
logos/img_0082.png,Pictorial,Fashion,Professional,1024,256,7,False
logos/img_0083.png,Emblem,Healthcare,Bold,256,512,2,True
logos/img_0084.png,Emblem,Food & Beverage,Professional,256,256,4,False
logos/img_0085.png,Pictorial,Finance,Luxury,256,256,3,False
logos/img_0086.png,Abstract,Real Estate,Trustworthy,512,1024,3,False
logos/img_0087.png,Emblem,Fashion,Bold,512,256,7,True
logos/img_0088.png,Combination,Food & Beverage,Professional,256,256,2,False
logos/img_0089.png,Combination,Food & Beverage,Creative,1024,512,5,False
logos/img_0090.png,Lettermark,Education,Minimalist,1024,512,3,True
logos/img_0091.png,Combination,Fashion,Luxury,512,1024,5,True
logos/img_0092.png,Lettermark,Technology,Luxury,512,256,5,False
logos/img_0093.png,Abstract,Sustainability,Minimalist,256,1024,6,False
logos/img_0094.png,Pictorial,Retail,Professional,1024,512,2,False
logos/img_0095.png,Pictorial,Retail,Creative,256,1024,5,True
logos/img_0096.png,Pictorial,Healthcare,Playful,512,512,2,True
logos/img_0097.png,Combination,Healthcare,Minimalist,1024,1024,6,True
logos/img_0098.png,Abstract,Retail,Professional,1024,1024,2,False
logos/img_0099.png,Combination,Technology,Minimalist,512,256,3,True
logos/img_0100.png,Combination,Finance,Minimalist,256,1024,5,False
logos/img_0101.png,Abstract,Travel,Bold,256,256,2,True
logos/img_0102.png,Abstract,Sustainability,Professional,1024,256,4,True
logos/img_0103.png,Abstract,Finance,Playful,512,256,2,True
logos/img_0104.png,Abstract,Education,Trustworthy,1024,256,5,False
logos/img_0105.png,Pictorial,Travel,Bold,512,1024,6,False
logos/img_0106.png,Wordmark,Travel,Minimalist,256,512,6,False
logos/img_0107.png,Wordmark,Fashion,Trustworthy,512,512,5,False
logos/img_0108.png,Abstract,Technology,Innovative,256,512,3,True
logos/img_0109.png,Wordmark,Technology,Trustworthy,512,1024,3,False
logos/img_0110.png,Wordmark,Travel,Minimalist,1024,256,6,True
logos/img_0111.png,Abstract,Fashion,Minimalist,256,512,6,False
logos/img_0112.png,Wordmark,Sustainability,Creative,1024,1024,5,False
logos/img_0113.png,Combination,Travel,Professional,1024,256,3,True
logos/img_0114.png,Lettermark,Real Estate,Professional,256,512,6,True
logos/img_0115.png,Lettermark,Healthcare,Bold,256,256,3,False
logos/img_0116.png,Abstract,Healthcare,Playful,1024,512,6,False
logos/img_0117.png,Pictorial,Finance,Bold,1024,512,2,True
logos/img_0118.png,Abstract,Education,Luxury,1024,512,4,True
logos/img_0119.png,Pictorial,Healthcare,Minimalist,1024,256,7,True
logos/img_0120.png,Lettermark,Food & Beverage,Trustworthy,256,1024,2,True
logos/img_0121.png,Abstract,Finance,Innovative,256,256,7,True
logos/img_0122.png,Emblem,Healthcare,Minimalist,1024,512,6,False
logos/img_0123.png,Combination,Education,Minimalist,512,256,4,False
logos/img_0124.png,Wordmark,Technology,Bold,512,1024,4,False
logos/img_0125.png,Pictorial,Technology,Innovative,256,256,6,False
logos/img_0126.png,Emblem,Sustainability,Innovative,1024,1024,6,True
logos/img_0127.png,Wordmark,Travel,Innovative,1024,1024,3,True
logos/img_0128.png,Wordmark,Real Estate,Bold,256,256,6,True
logos/img_0129.png,Abstract,Technology,Minimalist,512,512,5,False
logos/img_0130.png,Wordmark,Fashion,Bold,512,1024,6,True
logos/img_0131.png,Combination,Healthcare,Professional,512,256,5,True
logos/img_0132.png,Emblem,Fashion,Professional,256,1024,6,False
logos/img_0133.png,Wordmark,Education,Bold,512,512,3,False
logos/img_0134.png,Abstract,Technology,Innovative,256,256,5,False
logos/img_0135.png,Combination,Real Estate,Creative,256,256,2,True
logos/img_0136.png,Lettermark,Education,Minimalist,1024,256,5,True
logos/img_0137.png,Emblem,Food & Beverage,Bold,512,512,3,False
logos/img_0138.png,Wordmark,Food & Beverage,Bold,256,1024,7,False
logos/img_0139.png,Abstract,Fashion,Bold,512,256,5,True
logos/img_0140.png,Lettermark,Travel,Creative,512,1024,6,False
logos/img_0141.png,Lettermark,Finance,Creative,1024,1024,6,True
logos/img_0142.png,Pictorial,Travel,Luxury,512,512,7,False
logos/img_0143.png,Combination,Sustainability,Professional,1024,256,3,False
logos/img_0144.png,Wordmark,Travel,Trustworthy,256,1024,4,False
logos/img_0145.png,Abstract,Sustainability,Innovative,512,256,6,True
logos/img_0146.png,Pictorial,Sustainability,Playful,256,256,2,True
logos/img_0147.png,Combination,Real Estate,Creative,512,512,3,False
logos/img_0148.png,Pictorial,Technology,Trustworthy,256,256,5,True
logos/img_0149.png,Emblem,Real Estate,Creative,512,256,5,False
logos/img_0150.png,Combination,Sustainability,Innovative,512,1024,2,False
logos/img_0151.png,Combination,Education,Playful,512,512,6,True
logos/img_0152.png,Wordmark,Food & Beverage,Luxury,512,256,3,True
logos/img_0153.png,Combination,Sustainability,Bold,512,1024,2,True
logos/img_0154.png,Pictorial,Real Estate,Luxury,512,512,6,True
logos/img_0155.png,Combination,Education,Creative,512,512,3,False
logos/img_0156.png,Wordmark,Real Estate,Luxury,512,1024,5,True
logos/img_0157.png,Wordmark,Travel,Trustworthy,512,1024,3,True
logos/img_0158.png,Emblem,Healthcare,Minimalist,256,1024,7,False
logos/img_0159.png,Pictorial,Fashion,Creative,1024,1024,4,False
logos/img_0160.png,Lettermark,Finance,Creative,512,1024,3,False
logos/img_0161.png,Lettermark,Real Estate,Trustworthy,1024,256,4,False
logos/img_0162.png,Combination,Finance,Professional,512,256,3,True
logos/img_0163.png,Emblem,Retail,Playful,512,512,4,True
logos/img_0164.png,Abstract,Real Estate,Bold,256,256,7,False
logos/img_0165.png,Combination,Healthcare,Trustworthy,256,256,5,False
logos/img_0166.png,Emblem,Finance,Playful,1024,256,6,True
logos/img_0167.png,Pictorial,Sustainability,Innovative,256,1024,4,True
logos/img_0168.png,Pictorial,Real Estate,Playful,256,512,7,True
logos/img_0169.png,Pictorial,Technology,Innovative,1024,512,4,True
logos/img_0170.png,Pictorial,Fashion,Trustworthy,256,512,5,True
logos/img_0171.png,Pictorial,Healthcare,Creative,512,512,4,False
logos/img_0172.png,Emblem,Finance,Creative,1024,256,7,False
logos/img_0173.png,Emblem,Healthcare,Professional,1024,256,7,False
logos/img_0174.png,Wordmark,Education,Trustworthy,512,1024,2,False
logos/img_0175.png,Lettermark,Fashion,Innovative,256,512,5,True
logos/img_0176.png,Pictorial,Sustainability,Playful,1024,256,2,False
logos/img_0177.png,Abstract,Real Estate,Playful,1024,256,5,True
logos/img_0178.png,Emblem,Real Estate,Innovative,512,1024,4,True
logos/img_0179.png,Abstract,Real Estate,Luxury,512,1024,7,True
logos/img_0180.png,Abstract,Fashion,Professional,256,1024,2,True
logos/img_0181.png,Abstract,Technology,Minimalist,1024,256,4,True
logos/img_0182.png,Wordmark,Retail,Creative,256,256,7,True
logos/img_0183.png,Emblem,Food & Beverage,Bold,256,1024,5,True
logos/img_0184.png,Abstract,Travel,Playful,512,512,7,False
logos/img_0185.png,Pictorial,Finance,Bold,1024,1024,4,True
logos/img_0186.png,Combination,Technology,Minimalist,1024,1024,2,False
logos/img_0187.png,Abstract,Sustainability,Trustworthy,1024,1024,2,False
logos/img_0188.png,Wordmark,Finance,Bold,512,1024,7,True
logos/img_0189.png,Emblem,Real Estate,Minimalist,512,256,4,True
logos/img_0190.png,Wordmark,Healthcare,Creative,512,512,3,False
logos/img_0191.png,Abstract,Sustainability,Innovative,512,1024,5,False
logos/img_0192.png,Emblem,Finance,Luxury,512,512,5,False
logos/img_0193.png,Combination,Real Estate,Creative,1024,512,4,False
logos/img_0194.png,Abstract,Finance,Playful,256,512,3,True
logos/img_0195.png,Wordmark,Healthcare,Minimalist,1024,1024,2,True
logos/img_0196.png,Lettermark,Real Estate,Bold,256,256,6,True
logos/img_0197.png,Pictorial,Retail,Playful,512,1024,6,False
logos/img_0198.png,Wordmark,Technology,Luxury,256,512,4,True
logos/img_0199.png,Emblem,Education,Innovative,1024,512,3,False
logos/img_0200.png,Abstract,Travel,Trustworthy,1024,256,3,True
logos/img_0201.png,Pictorial,Fashion,Playful,256,1024,5,False
logos/img_0202.png,Abstract,Travel,Trustworthy,512,512,2,True
logos/img_0203.png,Emblem,Sustainability,Minimalist,512,256,7,True
logos/img_0204.png,Abstract,Travel,Luxury,1024,512,3,False
logos/img_0205.png,Lettermark,Real Estate,Bold,256,256,7,False
logos/img_0206.png,Pictorial,Retail,Luxury,512,256,6,False
logos/img_0207.png,Pictorial,Education,Luxury,512,1024,7,False
logos/img_0208.png,Emblem,Technology,Professional,1024,512,2,False
logos/img_0209.png,Lettermark,Technology,Luxury,512,1024,2,True
logos/img_0210.png,Wordmark,Healthcare,Luxury,256,512,7,False
logos/img_0211.png,Abstract,Fashion,Creative,1024,1024,4,True
logos/img_0212.png,Combination,Finance,Playful,1024,512,3,True
logos/img_0213.png,Abstract,Retail,Bold,256,1024,4,True
logos/img_0214.png,Abstract,Finance,Creative,1024,256,7,True
logos/img_0215.png,Wordmark,Education,Creative,512,512,3,True
logos/img_0216.png,Abstract,Travel,Playful,512,512,5,False
logos/img_0217.png,Lettermark,Technology,Playful,256,256,4,False
logos/img_0218.png,Lettermark,Education,Minimalist,512,1024,4,True
logos/img_0219.png,Pictorial,Travel,Playful,256,512,7,True
logos/img_0220.png,Emblem,Technology,Professional,256,512,6,False
logos/img_0221.png,Combination,Travel,Professional,512,1024,7,False
logos/img_0222.png,Abstract,Fashion,Creative,256,256,4,True
logos/img_0223.png,Abstract,Retail,Trustworthy,512,1024,3,False
logos/img_0224.png,Wordmark,Sustainability,Minimalist,1024,1024,6,False
logos/img_0225.png,Emblem,Education,Trustworthy,1024,1024,7,False
logos/img_0226.png,Lettermark,Education,Trustworthy,256,512,7,True
logos/img_0227.png,Combination,Food & Beverage,Creative,512,256,4,False
logos/img_0228.png,Pictorial,Real Estate,Innovative,512,256,4,True
logos/img_0229.png,Lettermark,Fashion,Creative,1024,1024,5,True
logos/img_0230.png,Emblem,Fashion,Bold,1024,512,7,True
logos/img_0231.png,Pictorial,Finance,Bold,512,1024,4,True
logos/img_0232.png,Wordmark,Travel,Playful,256,512,2,True
logos/img_0233.png,Wordmark,Real Estate,Playful,1024,512,6,False
logos/img_0234.png,Abstract,Retail,Innovative,256,512,2,True
logos/img_0235.png,Emblem,Retail,Playful,256,512,6,True
logos/img_0236.png,Combination,Fashion,Bold,1024,256,7,True
logos/img_0237.png,Pictorial,Retail,Trustworthy,256,512,5,False
logos/img_0238.png,Lettermark,Food & Beverage,Creative,256,512,4,False
logos/img_0239.png,Emblem,Education,Luxury,512,1024,4,False
logos/img_0240.png,Emblem,Healthcare,Professional,256,1024,4,False
logos/img_0241.png,Wordmark,Sustainability,Luxury,512,256,7,False
logos/img_0242.png,Abstract,Finance,Luxury,1024,1024,6,False
logos/img_0243.png,Abstract,Travel,Bold,1024,512,4,False
logos/img_0244.png,Pictorial,Sustainability,Luxury,512,1024,2,True
logos/img_0245.png,Wordmark,Travel,Creative,1024,256,4,True
logos/img_0246.png,Emblem,Technology,Innovative,256,1024,7,False
logos/img_0247.png,Combination,Sustainability,Minimalist,256,1024,5,True
logos/img_0248.png,Wordmark,Healthcare,Playful,256,256,2,True
logos/img_0249.png,Pictorial,Fashion,Minimalist,1024,256,4,False
logos/img_0250.png,Pictorial,Food & Beverage,Trustworthy,256,512,4,True
logos/img_0251.png,Wordmark,Education,Creative,1024,1024,3,True
logos/img_0252.png,Pictorial,Education,Creative,256,512,6,False
logos/img_0253.png,Wordmark,Food & Beverage,Professional,512,1024,2,True
logos/img_0254.png,Lettermark,Real Estate,Creative,1024,1024,3,False
logos/img_0255.png,Wordmark,Technology,Playful,1024,512,5,False
logos/img_0256.png,Wordmark,Travel,Creative,256,1024,6,True
logos/img_0257.png,Pictorial,Healthcare,Luxury,1024,1024,2,True
logos/img_0258.png,Pictorial,Retail,Professional,1024,1024,4,True
logos/img_0259.png,Abstract,Sustainability,Playful,512,256,2,False
logos/img_0260.png,Abstract,Technology,Innovative,512,512,4,False
logos/img_0261.png,Lettermark,Sustainability,Innovative,256,256,6,False
logos/img_0262.png,Abstract,Healthcare,Innovative,512,512,4,True
logos/img_0263.png,Wordmark,Finance,Innovative,256,512,5,True
logos/img_0264.png,Pictorial,Finance,Luxury,256,1024,7,False
logos/img_0265.png,Abstract,Technology,Creative,256,512,4,True
logos/img_0266.png,Abstract,Fashion,Minimalist,1024,256,5,True
logos/img_0267.png,Lettermark,Healthcare,Playful,512,256,7,False
logos/img_0268.png,Emblem,Healthcare,Luxury,256,256,6,False
logos/img_0269.png,Lettermark,Food & Beverage,Innovative,512,512,6,True
logos/img_0270.png,Wordmark,Fashion,Trustworthy,256,256,2,False
logos/img_0271.png,Pictorial,Travel,Creative,512,512,5,True
logos/img_0272.png,Lettermark,Travel,Minimalist,512,256,5,False
logos/img_0273.png,Abstract,Retail,Trustworthy,256,256,3,False
logos/img_0274.png,Pictorial,Education,Professional,1024,512,3,False
logos/img_0275.png,Pictorial,Finance,Trustworthy,512,256,7,True
logos/img_0276.png,Abstract,Travel,Professional,1024,1024,7,True
logos/img_0277.png,Lettermark,Fashion,Professional,1024,512,3,False
logos/img_0278.png,Abstract,Healthcare,Innovative,256,512,7,False
logos/img_0279.png,Emblem,Travel,Professional,256,512,4,False
logos/img_0280.png,Pictorial,Healthcare,Bold,256,1024,3,True
logos/img_0281.png,Combination,Travel,Playful,512,512,5,False
logos/img_0282.png,Combination,Finance,Playful,256,256,4,False
logos/img_0283.png,Wordmark,Sustainability,Innovative,256,256,7,False
logos/img_0284.png,Abstract,Travel,Bold,512,256,6,False
logos/img_0285.png,Abstract,Fashion,Trustworthy,512,512,2,True
logos/img_0286.png,Wordmark,Travel,Luxury,256,256,3,True
logos/img_0287.png,Wordmark,Education,Trustworthy,256,512,6,False
logos/img_0288.png,Wordmark,Finance,Creative,256,256,7,True
logos/img_0289.png,Pictorial,Fashion,Luxury,256,1024,5,True
logos/img_0290.png,Emblem,Food & Beverage,Professional,1024,1024,2,True
logos/img_0291.png,Abstract,Fashion,Minimalist,1024,1024,6,False
logos/img_0292.png,Pictorial,Education,Luxury,256,1024,2,True
logos/img_0293.png,Wordmark,Sustainability,Minimalist,1024,512,3,True
logos/img_0294.png,Abstract,Finance,Playful,512,256,7,True
logos/img_0295.png,Pictorial,Food & Beverage,Minimalist,1024,1024,5,False
logos/img_0296.png,Emblem,Education,Playful,1024,512,7,False
logos/img_0297.png,Pictorial,Education,Bold,256,1024,2,True
logos/img_0298.png,Emblem,Technology,Bold,1024,1024,6,True
logos/img_0299.png,Wordmark,Finance,Innovative,1024,512,3,False
logos/img_0300.png,Emblem,Fashion,Innovative,1024,512,3,False
logos/img_0301.png,Abstract,Healthcare,Professional,1024,256,7,True
logos/img_0302.png,Wordmark,Sustainability,Luxury,512,256,6,True
logos/img_0303.png,Abstract,Healthcare,Professional,256,1024,6,False
logos/img_0304.png,Combination,Fashion,Playful,256,1024,2,False
logos/img_0305.png,Lettermark,Fashion,Professional,512,256,7,True
logos/img_0306.png,Emblem,Finance,Minimalist,1024,256,7,False
logos/img_0307.png,Lettermark,Fashion,Playful,512,512,4,True
logos/img_0308.png,Lettermark,Technology,Innovative,1024,256,7,True
logos/img_0309.png,Emblem,Food & Beverage,Bold,512,256,3,True
logos/img_0310.png,Wordmark,Fashion,Innovative,256,1024,2,False
logos/img_0311.png,Combination,Healthcare,Luxury,256,256,6,True
logos/img_0312.png,Abstract,Fashion,Playful,256,1024,7,True
logos/img_0313.png,Pictorial,Technology,Playful,1024,256,2,False
logos/img_0314.png,Abstract,Travel,Minimalist,1024,512,7,False
logos/img_0315.png,Pictorial,Travel,Luxury,512,256,6,True
logos/img_0316.png,Abstract,Education,Bold,512,256,5,True
logos/img_0317.png,Emblem,Sustainability,Trustworthy,256,256,6,False
logos/img_0318.png,Combination,Retail,Playful,1024,1024,6,False
logos/img_0319.png,Pictorial,Food & Beverage,Playful,512,512,6,False
logos/img_0320.png,Wordmark,Real Estate,Minimalist,1024,256,7,True
logos/img_0321.png,Abstract,Education,Professional,1024,1024,4,True
logos/img_0322.png,Abstract,Sustainability,Creative,256,512,6,True
logos/img_0323.png,Pictorial,Travel,Bold,256,1024,3,False
logos/img_0324.png,Wordmark,Healthcare,Innovative,1024,1024,3,True
logos/img_0325.png,Wordmark,Real Estate,Luxury,1024,512,2,False
logos/img_0326.png,Emblem,Sustainability,Playful,1024,256,4,True
logos/img_0327.png,Emblem,Sustainability,Playful,1024,1024,2,False
logos/img_0328.png,Emblem,Education,Innovative,256,1024,3,True
logos/img_0329.png,Emblem,Real Estate,Bold,512,256,3,True
logos/img_0330.png,Emblem,Finance,Creative,256,256,5,False
logos/img_0331.png,Emblem,Retail,Professional,512,512,6,False
logos/img_0332.png,Combination,Finance,Playful,1024,512,3,True
logos/img_0333.png,Wordmark,Real Estate,Creative,512,512,7,False
logos/img_0334.png,Emblem,Finance,Bold,256,256,7,False
logos/img_0335.png,Wordmark,Technology,Innovative,256,1024,2,True
logos/img_0336.png,Wordmark,Travel,Minimalist,1024,1024,2,False
logos/img_0337.png,Lettermark,Technology,Professional,256,512,6,True
logos/img_0338.png,Combination,Fashion,Luxury,1024,256,6,True
logos/img_0339.png,Emblem,Finance,Playful,256,1024,5,False
logos/img_0340.png,Abstract,Fashion,Bold,256,512,4,False
logos/img_0341.png,Pictorial,Healthcare,Minimalist,1024,1024,2,True
logos/img_0342.png,Abstract,Food & Beverage,Luxury,512,1024,6,True
logos/img_0343.png,Combination,Healthcare,Trustworthy,256,256,2,True
logos/img_0344.png,Pictorial,Real Estate,Bold,512,256,6,True
logos/img_0345.png,Combination,Sustainability,Bold,256,1024,3,True
logos/img_0346.png,Wordmark,Travel,Luxury,256,512,2,True
logos/img_0347.png,Pictorial,Finance,Minimalist,256,256,3,False
logos/img_0348.png,Wordmark,Education,Trustworthy,256,1024,2,False
logos/img_0349.png,Abstract,Food & Beverage,Creative,512,256,4,False
logos/img_0350.png,Abstract,Retail,Creative,512,256,5,True
logos/img_0351.png,Pictorial,Retail,Innovative,256,256,7,False
logos/img_0352.png,Pictorial,Retail,Minimalist,256,1024,7,True
logos/img_0353.png,Emblem,Finance,Professional,512,512,7,True
logos/img_0354.png,Combination,Retail,Playful,1024,512,3,False
logos/img_0355.png,Emblem,Technology,Luxury,1024,512,6,True
logos/img_0356.png,Combination,Food & Beverage,Innovative,512,256,7,True
logos/img_0357.png,Emblem,Technology,Trustworthy,256,1024,4,True
logos/img_0358.png,Wordmark,Sustainability,Luxury,256,256,7,True
logos/img_0359.png,Pictorial,Food & Beverage,Luxury,1024,512,2,True
logos/img_0360.png,Abstract,Technology,Minimalist,1024,512,3,True
logos/img_0361.png,Combination,Food & Beverage,Playful,512,1024,2,False
logos/img_0362.png,Combination,Sustainability,Professional,1024,256,2,True
logos/img_0363.png,Abstract,Fashion,Creative,512,512,2,True
logos/img_0364.png,Emblem,Finance,Bold,1024,1024,5,True
logos/img_0365.png,Combination,Finance,Bold,1024,256,5,True
logos/img_0366.png,Wordmark,Retail,Luxury,1024,256,6,False
logos/img_0367.png,Pictorial,Healthcare,Creative,256,512,3,False
logos/img_0368.png,Abstract,Retail,Creative,256,512,4,True
logos/img_0369.png,Pictorial,Real Estate,Playful,256,256,4,True
logos/img_0370.png,Combination,Technology,Trustworthy,1024,256,4,True
logos/img_0371.png,Combination,Food & Beverage,Trustworthy,512,512,2,False
logos/img_0372.png,Abstract,Healthcare,Innovative,512,256,5,False
logos/img_0373.png,Wordmark,Sustainability,Minimalist,512,512,3,False
logos/img_0374.png,Lettermark,Real Estate,Playful,512,256,2,False
logos/img_0375.png,Abstract,Sustainability,Playful,256,512,5,True
logos/img_0376.png,Lettermark,Finance,Minimalist,256,1024,5,False
logos/img_0377.png,Emblem,Finance,Creative,1024,512,7,False
logos/img_0378.png,Lettermark,Retail,Trustworthy,1024,512,7,True
logos/img_0379.png,Wordmark,Technology,Trustworthy,512,1024,3,True
logos/img_0380.png,Emblem,Healthcare,Creative,256,256,3,False
logos/img_0381.png,Lettermark,Travel,Trustworthy,512,1024,3,False
logos/img_0382.png,Emblem,Real Estate,Luxury,1024,512,2,False
logos/img_0383.png,Lettermark,Real Estate,Playful,1024,256,6,False
logos/img_0384.png,Wordmark,Retail,Bold,512,1024,3,True
logos/img_0385.png,Lettermark,Finance,Minimalist,1024,256,7,True
logos/img_0386.png,Lettermark,Retail,Trustworthy,512,256,6,False
logos/img_0387.png,Lettermark,Food & Beverage,Innovative,256,1024,2,False
logos/img_0388.png,Abstract,Healthcare,Trustworthy,512,256,6,False
logos/img_0389.png,Abstract,Technology,Trustworthy,256,1024,4,False
logos/img_0390.png,Abstract,Fashion,Professional,256,512,6,False
logos/img_0391.png,Wordmark,Education,Luxury,1024,256,3,True
logos/img_0392.png,Emblem,Education,Minimalist,1024,512,2,True
logos/img_0393.png,Combination,Retail,Professional,1024,512,3,True
logos/img_0394.png,Lettermark,Food & Beverage,Professional,512,256,7,False
logos/img_0395.png,Lettermark,Healthcare,Innovative,512,1024,4,False
logos/img_0396.png,Wordmark,Travel,Playful,1024,256,7,True
logos/img_0397.png,Lettermark,Education,Innovative,512,512,3,True
logos/img_0398.png,Abstract,Healthcare,Playful,1024,512,3,False
logos/img_0399.png,Combination,Technology,Playful,512,1024,3,True
logos/img_0400.png,Pictorial,Sustainability,Minimalist,256,256,5,False
logos/img_0401.png,Lettermark,Food & Beverage,Trustworthy,256,512,4,False
logos/img_0402.png,Abstract,Finance,Minimalist,1024,512,3,True
logos/img_0403.png,Pictorial,Healthcare,Luxury,512,512,3,True
logos/img_0404.png,Combination,Technology,Playful,512,1024,7,True
logos/img_0405.png,Pictorial,Travel,Professional,256,512,7,False
logos/img_0406.png,Abstract,Fashion,Trustworthy,256,512,3,False
logos/img_0407.png,Emblem,Finance,Bold,1024,256,2,True
logos/img_0408.png,Emblem,Fashion,Luxury,256,256,5,False
logos/img_0409.png,Pictorial,Travel,Minimalist,1024,512,7,False
logos/img_0410.png,Wordmark,Technology,Innovative,256,512,2,False
logos/img_0411.png,Pictorial,Education,Luxury,256,256,5,True
logos/img_0412.png,Lettermark,Fashion,Luxury,512,1024,3,False
logos/img_0413.png,Lettermark,Finance,Trustworthy,256,1024,4,True
logos/img_0414.png,Emblem,Retail,Luxury,256,1024,6,True
logos/img_0415.png,Wordmark,Real Estate,Luxury,1024,1024,6,False
logos/img_0416.png,Abstract,Healthcare,Bold,256,1024,3,True
logos/img_0417.png,Lettermark,Education,Creative,1024,1024,7,False
logos/img_0418.png,Emblem,Fashion,Innovative,256,1024,2,True
logos/img_0419.png,Combination,Sustainability,Innovative,256,1024,4,True
logos/img_0420.png,Emblem,Healthcare,Innovative,1024,256,5,False
logos/img_0421.png,Lettermark,Retail,Playful,512,1024,3,True
logos/img_0422.png,Lettermark,Travel,Professional,1024,1024,4,True
logos/img_0423.png,Emblem,Real Estate,Creative,1024,1024,4,True
logos/img_0424.png,Abstract,Technology,Innovative,1024,512,7,False
logos/img_0425.png,Pictorial,Retail,Luxury,512,256,5,False
logos/img_0426.png,Lettermark,Retail,Luxury,256,256,4,True
logos/img_0427.png,Emblem,Travel,Innovative,1024,256,7,True
logos/img_0428.png,Emblem,Food & Beverage,Trustworthy,1024,1024,2,True
logos/img_0429.png,Wordmark,Travel,Innovative,512,1024,7,False
logos/img_0430.png,Pictorial,Food & Beverage,Luxury,1024,512,2,False
logos/img_0431.png,Combination,Food & Beverage,Playful,256,256,2,True
logos/img_0432.png,Abstract,Education,Minimalist,512,1024,4,False
logos/img_0433.png,Combination,Education,Minimalist,256,256,7,False
logos/img_0434.png,Pictorial,Finance,Creative,256,512,2,False
logos/img_0435.png,Pictorial,Fashion,Creative,512,512,5,False
logos/img_0436.png,Pictorial,Fashion,Innovative,1024,512,4,True
logos/img_0437.png,Combination,Technology,Bold,256,256,7,False
logos/img_0438.png,Pictorial,Fashion,Innovative,256,1024,7,False
logos/img_0439.png,Emblem,Education,Trustworthy,256,1024,6,True
logos/img_0440.png,Combination,Finance,Innovative,256,512,7,True
logos/img_0441.png,Pictorial,Finance,Creative,512,1024,4,False
logos/img_0442.png,Emblem,Food & Beverage,Minimalist,512,512,5,False
logos/img_0443.png,Wordmark,Travel,Luxury,256,256,7,True
logos/img_0444.png,Pictorial,Technology,Innovative,1024,512,6,True
logos/img_0445.png,Combination,Food & Beverage,Luxury,256,256,4,True
logos/img_0446.png,Lettermark,Travel,Luxury,1024,512,2,False
logos/img_0447.png,Pictorial,Fashion,Bold,256,1024,3,False
logos/img_0448.png,Lettermark,Food & Beverage,Luxury,1024,1024,3,True
logos/img_0449.png,Emblem,Healthcare,Minimalist,256,512,2,False
logos/img_0450.png,Wordmark,Fashion,Playful,1024,1024,7,True
logos/img_0451.png,Abstract,Travel,Playful,256,1024,3,False
logos/img_0452.png,Wordmark,Technology,Professional,256,1024,3,True
logos/img_0453.png,Pictorial,Travel,Trustworthy,1024,256,2,True
logos/img_0454.png,Lettermark,Food & Beverage,Innovative,512,1024,7,False
logos/img_0455.png,Lettermark,Food & Beverage,Trustworthy,1024,256,7,False
logos/img_0456.png,Combination,Retail,Minimalist,512,512,2,False
logos/img_0457.png,Lettermark,Technology,Luxury,256,1024,7,False
logos/img_0458.png,Combination,Sustainability,Playful,1024,1024,7,False
logos/img_0459.png,Emblem,Fashion,Trustworthy,1024,1024,4,False
logos/img_0460.png,Abstract,Finance,Minimalist,1024,512,4,True
logos/img_0461.png,Pictorial,Technology,Playful,512,256,2,False
logos/img_0462.png,Combination,Finance,Luxury,512,256,5,True
logos/img_0463.png,Abstract,Technology,Trustworthy,256,1024,3,True
logos/img_0464.png,Lettermark,Technology,Playful,512,512,4,False
logos/img_0465.png,Lettermark,Travel,Innovative,512,512,3,True
logos/img_0466.png,Abstract,Technology,Creative,256,512,6,True
logos/img_0467.png,Lettermark,Retail,Innovative,1024,512,2,False
logos/img_0468.png,Emblem,Sustainability,Professional,1024,512,5,False
logos/img_0469.png,Emblem,Food & Beverage,Professional,256,256,6,False
logos/img_0470.png,Abstract,Real Estate,Playful,1024,256,6,True
logos/img_0471.png,Combination,Finance,Creative,512,256,7,False
logos/img_0472.png,Combination,Food & Beverage,Minimalist,256,1024,6,False
logos/img_0473.png,Abstract,Real Estate,Innovative,256,512,2,False
logos/img_0474.png,Combination,Sustainability,Minimalist,256,1024,4,False
logos/img_0475.png,Combination,Sustainability,Creative,1024,512,2,True
logos/img_0476.png,Emblem,Finance,Minimalist,256,256,4,False
logos/img_0477.png,Combination,Finance,Creative,256,1024,6,True
logos/img_0478.png,Wordmark,Sustainability,Playful,256,256,6,False
logos/img_0479.png,Pictorial,Real Estate,Minimalist,1024,512,5,True
logos/img_0480.png,Lettermark,Technology,Innovative,512,512,4,True
logos/img_0481.png,Wordmark,Fashion,Luxury,256,512,6,True
logos/img_0482.png,Combination,Healthcare,Professional,512,256,7,False
logos/img_0483.png,Emblem,Food & Beverage,Luxury,1024,512,3,True
logos/img_0484.png,Abstract,Travel,Minimalist,1024,256,5,False
logos/img_0485.png,Combination,Food & Beverage,Luxury,1024,1024,2,False
logos/img_0486.png,Emblem,Travel,Innovative,1024,512,5,False
logos/img_0487.png,Pictorial,Real Estate,Innovative,512,512,3,False
logos/img_0488.png,Combination,Travel,Minimalist,256,512,4,False
logos/img_0489.png,Abstract,Finance,Playful,1024,1024,2,True
logos/img_0490.png,Emblem,Fashion,Luxury,1024,512,2,False
logos/img_0491.png,Emblem,Fashion,Playful,512,256,4,True
logos/img_0492.png,Emblem,Finance,Playful,512,256,5,True
logos/img_0493.png,Pictorial,Retail,Creative,1024,512,6,True
logos/img_0494.png,Combination,Real Estate,Bold,256,512,5,True
logos/img_0495.png,Pictorial,Retail,Minimalist,256,1024,3,True
logos/img_0496.png,Lettermark,Retail,Professional,1024,1024,7,True
logos/img_0497.png,Lettermark,Food & Beverage,Innovative,512,1024,6,True
logos/img_0498.png,Combination,Sustainability,Innovative,1024,512,5,False
logos/img_0499.png,Pictorial,Food & Beverage,Minimalist,1024,1024,7,True
logos/img_0500.png,Abstract,Sustainability,Creative,512,1024,7,False
logos/img_0501.png,Emblem,Healthcare,Trustworthy,1024,256,4,True
logos/img_0502.png,Emblem,Travel,Trustworthy,1024,1024,3,True
logos/img_0503.png,Combination,Sustainability,Trustworthy,1024,256,3,True
logos/img_0504.png,Lettermark,Finance,Creative,512,256,3,True
logos/img_0505.png,Lettermark,Food & Beverage,Professional,256,1024,6,False
logos/img_0506.png,Emblem,Real Estate,Innovative,256,256,2,False
logos/img_0507.png,Combination,Travel,Minimalist,512,512,6,False
logos/img_0508.png,Pictorial,Healthcare,Creative,256,512,5,True
logos/img_0509.png,Lettermark,Sustainability,Innovative,1024,1024,7,True
logos/img_0510.png,Pictorial,Healthcare,Playful,256,512,7,True
logos/img_0511.png,Lettermark,Real Estate,Luxury,1024,256,2,False
logos/img_0512.png,Lettermark,Retail,Luxury,256,512,5,True
logos/img_0513.png,Wordmark,Fashion,Creative,512,1024,2,False
logos/img_0514.png,Lettermark,Real Estate,Innovative,256,1024,7,False
logos/img_0515.png,Abstract,Education,Bold,256,256,6,True
logos/img_0516.png,Combination,Real Estate,Professional,256,1024,3,True
logos/img_0517.png,Combination,Healthcare,Trustworthy,512,512,7,False
logos/img_0518.png,Pictorial,Finance,Professional,256,1024,4,False
logos/img_0519.png,Lettermark,Food & Beverage,Professional,512,256,3,False
logos/img_0520.png,Abstract,Finance,Creative,1024,1024,7,True
logos/img_0521.png,Pictorial,Healthcare,Playful,256,512,6,True
logos/img_0522.png,Wordmark,Food & Beverage,Professional,512,256,2,True
logos/img_0523.png,Pictorial,Education,Luxury,512,512,3,True
logos/img_0524.png,Pictorial,Fashion,Playful,256,256,6,True
logos/img_0525.png,Lettermark,Travel,Minimalist,1024,1024,5,True
logos/img_0526.png,Wordmark,Healthcare,Professional,512,256,4,False
logos/img_0527.png,Pictorial,Sustainability,Professional,256,256,3,False
logos/img_0528.png,Abstract,Healthcare,Minimalist,1024,1024,2,False
logos/img_0529.png,Abstract,Healthcare,Professional,512,512,5,True
logos/img_0530.png,Combination,Food & Beverage,Minimalist,512,1024,6,False
logos/img_0531.png,Wordmark,Technology,Playful,1024,256,4,True
logos/img_0532.png,Wordmark,Real Estate,Luxury,1024,1024,2,True
logos/img_0533.png,Combination,Technology,Minimalist,256,256,6,False
logos/img_0534.png,Pictorial,Education,Bold,256,1024,6,True
logos/img_0535.png,Wordmark,Sustainability,Creative,512,1024,3,False
logos/img_0536.png,Abstract,Fashion,Creative,1024,512,3,False
logos/img_0537.png,Abstract,Retail,Minimalist,1024,256,2,True
logos/img_0538.png,Lettermark,Education,Creative,1024,512,7,False
logos/img_0539.png,Wordmark,Retail,Professional,512,256,7,False
logos/img_0540.png,Pictorial,Retail,Trustworthy,1024,1024,6,False
logos/img_0541.png,Combination,Fashion,Trustworthy,1024,256,3,False
logos/img_0542.png,Combination,Finance,Creative,512,512,4,True
logos/img_0543.png,Pictorial,Technology,Playful,256,512,4,False
logos/img_0544.png,Emblem,Healthcare,Innovative,256,512,6,False
logos/img_0545.png,Lettermark,Travel,Playful,512,256,3,False
logos/img_0546.png,Combination,Retail,Innovative,1024,512,2,True
logos/img_0547.png,Wordmark,Sustainability,Trustworthy,512,512,2,False
logos/img_0548.png,Lettermark,Education,Trustworthy,256,512,2,True
logos/img_0549.png,Wordmark,Finance,Minimalist,256,1024,4,False
logos/img_0550.png,Abstract,Retail,Luxury,512,1024,3,False
logos/img_0551.png,Lettermark,Finance,Bold,512,256,3,False
logos/img_0552.png,Combination,Finance,Playful,256,256,4,True
logos/img_0553.png,Lettermark,Retail,Professional,512,512,2,True
logos/img_0554.png,Lettermark,Food & Beverage,Innovative,256,1024,2,True
logos/img_0555.png,Lettermark,Real Estate,Creative,512,512,6,True
logos/img_0556.png,Emblem,Sustainability,Professional,512,512,7,True
logos/img_0557.png,Lettermark,Healthcare,Luxury,512,1024,5,True
logos/img_0558.png,Wordmark,Healthcare,Innovative,256,1024,7,False
logos/img_0559.png,Abstract,Sustainability,Playful,512,1024,3,True
logos/img_0560.png,Pictorial,Food & Beverage,Minimalist,256,256,3,False
logos/img_0561.png,Lettermark,Healthcare,Professional,256,256,3,True
logos/img_0562.png,Combination,Finance,Luxury,512,512,7,True
logos/img_0563.png,Lettermark,Fashion,Playful,512,256,5,True
logos/img_0564.png,Combination,Education,Trustworthy,256,1024,6,False
logos/img_0565.png,Wordmark,Technology,Trustworthy,256,1024,7,True
logos/img_0566.png,Combination,Healthcare,Playful,1024,256,5,True
logos/img_0567.png,Pictorial,Sustainability,Playful,256,512,2,False
logos/img_0568.png,Abstract,Fashion,Playful,1024,512,2,False
logos/img_0569.png,Combination,Retail,Innovative,1024,256,3,False
logos/img_0570.png,Combination,Real Estate,Playful,1024,512,4,False
logos/img_0571.png,Abstract,Sustainability,Professional,512,512,3,True
logos/img_0572.png,Pictorial,Finance,Luxury,512,512,4,False
logos/img_0573.png,Lettermark,Real Estate,Innovative,256,1024,5,True
logos/img_0574.png,Combination,Education,Playful,1024,1024,2,True
logos/img_0575.png,Abstract,Education,Bold,512,256,7,False
logos/img_0576.png,Wordmark,Food & Beverage,Creative,512,1024,4,True
logos/img_0577.png,Abstract,Travel,Bold,512,512,5,False
logos/img_0578.png,Wordmark,Food & Beverage,Luxury,512,1024,2,True
logos/img_0579.png,Pictorial,Fashion,Trustworthy,512,256,7,False
logos/img_0580.png,Lettermark,Real Estate,Minimalist,1024,1024,4,False
logos/img_0581.png,Abstract,Travel,Minimalist,1024,512,3,False
logos/img_0582.png,Emblem,Retail,Creative,1024,512,3,False
logos/img_0583.png,Combination,Finance,Trustworthy,1024,256,3,False
logos/img_0584.png,Pictorial,Real Estate,Innovative,256,1024,5,False
logos/img_0585.png,Abstract,Food & Beverage,Innovative,1024,1024,3,True
logos/img_0586.png,Combination,Technology,Innovative,512,1024,6,True
logos/img_0587.png,Abstract,Travel,Minimalist,1024,512,2,True
logos/img_0588.png,Wordmark,Travel,Bold,256,256,5,False
logos/img_0589.png,Abstract,Finance,Minimalist,512,1024,7,True
logos/img_0590.png,Emblem,Healthcare,Professional,1024,512,3,False
logos/img_0591.png,Abstract,Education,Playful,1024,512,2,True
logos/img_0592.png,Abstract,Education,Innovative,1024,512,4,True
logos/img_0593.png,Emblem,Technology,Bold,512,1024,3,False
logos/img_0594.png,Pictorial,Fashion,Luxury,512,1024,2,True
logos/img_0595.png,Abstract,Fashion,Creative,256,1024,6,True
logos/img_0596.png,Emblem,Retail,Luxury,512,1024,4,True
logos/img_0597.png,Combination,Real Estate,Playful,512,1024,6,False
logos/img_0598.png,Wordmark,Sustainability,Bold,1024,1024,7,True
logos/img_0599.png,Wordmark,Healthcare,Minimalist,512,1024,2,False
logos/img_0600.png,Abstract,Food & Beverage,Minimalist,1024,1024,6,True
logos/img_0601.png,Pictorial,Sustainability,Professional,1024,1024,7,True
logos/img_0602.png,Pictorial,Sustainability,Professional,512,512,2,True
logos/img_0603.png,Combination,Travel,Minimalist,256,1024,2,True
logos/img_0604.png,Abstract,Technology,Luxury,256,256,6,False
logos/img_0605.png,Wordmark,Education,Creative,512,512,2,True
logos/img_0606.png,Pictorial,Retail,Innovative,256,1024,3,False
logos/img_0607.png,Abstract,Fashion,Luxury,1024,256,2,False
logos/img_0608.png,Pictorial,Technology,Creative,1024,1024,5,True
logos/img_0609.png,Emblem,Travel,Professional,512,256,7,True
logos/img_0610.png,Pictorial,Food & Beverage,Playful,256,256,2,False
logos/img_0611.png,Wordmark,Retail,Creative,256,256,5,False
logos/img_0612.png,Lettermark,Travel,Minimalist,1024,256,2,True
logos/img_0613.png,Combination,Education,Professional,512,512,2,True
logos/img_0614.png,Combination,Education,Professional,256,512,6,True
logos/img_0615.png,Wordmark,Education,Innovative,512,256,3,True
logos/img_0616.png,Pictorial,Technology,Minimalist,256,1024,7,True
logos/img_0617.png,Abstract,Technology,Innovative,1024,256,3,False
logos/img_0618.png,Pictorial,Fashion,Minimalist,1024,512,4,True
logos/img_0619.png,Wordmark,Fashion,Innovative,512,1024,6,True
logos/img_0620.png,Combination,Food & Beverage,Creative,1024,512,6,False
logos/img_0621.png,Pictorial,Retail,Luxury,256,512,3,True
logos/img_0622.png,Combination,Finance,Playful,1024,1024,6,True
logos/img_0623.png,Abstract,Finance,Playful,512,256,3,False
logos/img_0624.png,Combination,Travel,Minimalist,512,256,6,True
logos/img_0625.png,Combination,Education,Bold,512,256,2,False
logos/img_0626.png,Lettermark,Retail,Trustworthy,256,256,3,True
logos/img_0627.png,Lettermark,Sustainability,Professional,256,1024,3,True
logos/img_0628.png,Emblem,Technology,Professional,256,1024,5,True
logos/img_0629.png,Lettermark,Real Estate,Minimalist,256,1024,6,False
logos/img_0630.png,Combination,Healthcare,Creative,256,512,6,False
logos/img_0631.png,Wordmark,Food & Beverage,Innovative,1024,1024,3,False
logos/img_0632.png,Combination,Education,Bold,256,256,2,False
logos/img_0633.png,Wordmark,Education,Luxury,256,512,2,True
logos/img_0634.png,Wordmark,Education,Innovative,1024,256,7,False
logos/img_0635.png,Lettermark,Technology,Innovative,256,256,2,False
logos/img_0636.png,Pictorial,Technology,Minimalist,512,1024,6,False
logos/img_0637.png,Abstract,Healthcare,Minimalist,256,1024,5,True
logos/img_0638.png,Lettermark,Sustainability,Creative,256,256,3,True
logos/img_0639.png,Lettermark,Retail,Professional,512,256,4,False
logos/img_0640.png,Pictorial,Education,Minimalist,512,512,5,False
logos/img_0641.png,Abstract,Finance,Minimalist,512,1024,4,True
logos/img_0642.png,Combination,Fashion,Minimalist,512,512,5,False
logos/img_0643.png,Emblem,Finance,Creative,256,512,2,False
logos/img_0644.png,Emblem,Travel,Professional,512,512,6,False
logos/img_0645.png,Combination,Finance,Luxury,512,256,4,False
logos/img_0646.png,Lettermark,Travel,Luxury,1024,512,5,True
logos/img_0647.png,Abstract,Real Estate,Trustworthy,512,512,6,True
logos/img_0648.png,Lettermark,Fashion,Trustworthy,512,256,4,True
logos/img_0649.png,Wordmark,Finance,Minimalist,1024,1024,3,False
logos/img_0650.png,Lettermark,Real Estate,Trustworthy,1024,1024,5,False
logos/img_0651.png,Lettermark,Food & Beverage,Professional,256,512,3,True
logos/img_0652.png,Combination,Retail,Creative,1024,256,2,True
logos/img_0653.png,Combination,Real Estate,Luxury,256,1024,3,True
logos/img_0654.png,Combination,Retail,Innovative,1024,512,3,False
logos/img_0655.png,Emblem,Finance,Luxury,1024,512,7,True
logos/img_0656.png,Wordmark,Sustainability,Luxury,256,256,5,False
logos/img_0657.png,Combination,Real Estate,Professional,1024,512,2,False
logos/img_0658.png,Abstract,Fashion,Trustworthy,256,1024,3,True
logos/img_0659.png,Emblem,Finance,Innovative,1024,256,6,True
logos/img_0660.png,Pictorial,Education,Professional,512,1024,4,False
logos/img_0661.png,Abstract,Technology,Minimalist,1024,1024,3,True
logos/img_0662.png,Abstract,Real Estate,Creative,256,1024,2,True
logos/img_0663.png,Combination,Fashion,Playful,1024,512,3,False
logos/img_0664.png,Pictorial,Food & Beverage,Luxury,256,512,4,False
logos/img_0665.png,Pictorial,Education,Playful,256,1024,2,False
logos/img_0666.png,Emblem,Food & Beverage,Creative,512,1024,5,False
logos/img_0667.png,Pictorial,Finance,Creative,512,256,2,False
logos/img_0668.png,Wordmark,Technology,Professional,256,256,5,True
logos/img_0669.png,Combination,Real Estate,Professional,1024,512,2,False
logos/img_0670.png,Pictorial,Real Estate,Professional,256,512,4,False
logos/img_0671.png,Emblem,Sustainability,Playful,256,256,4,False
logos/img_0672.png,Wordmark,Sustainability,Professional,1024,1024,2,True
logos/img_0673.png,Lettermark,Finance,Creative,1024,512,3,False
logos/img_0674.png,Lettermark,Finance,Minimalist,1024,1024,4,False
logos/img_0675.png,Wordmark,Technology,Professional,1024,256,5,False
logos/img_0676.png,Emblem,Sustainability,Bold,256,512,5,True
logos/img_0677.png,Wordmark,Fashion,Trustworthy,256,512,6,False
logos/img_0678.png,Combination,Fashion,Playful,512,256,7,False
logos/img_0679.png,Combination,Technology,Bold,256,512,7,False
logos/img_0680.png,Lettermark,Fashion,Professional,1024,256,7,True
logos/img_0681.png,Pictorial,Travel,Creative,512,512,5,True
logos/img_0682.png,Emblem,Retail,Minimalist,1024,256,6,True
logos/img_0683.png,Lettermark,Technology,Luxury,256,512,7,True
logos/img_0684.png,Pictorial,Technology,Innovative,512,1024,7,False
logos/img_0685.png,Pictorial,Healthcare,Trustworthy,1024,1024,2,False
logos/img_0686.png,Combination,Education,Innovative,512,1024,2,True
logos/img_0687.png,Abstract,Education,Professional,512,512,2,True
logos/img_0688.png,Abstract,Travel,Trustworthy,256,512,3,False
logos/img_0689.png,Wordmark,Sustainability,Trustworthy,1024,1024,7,False
logos/img_0690.png,Combination,Finance,Minimalist,512,1024,3,True
logos/img_0691.png,Pictorial,Finance,Trustworthy,512,256,6,True
logos/img_0692.png,Emblem,Food & Beverage,Playful,1024,256,5,True
logos/img_0693.png,Abstract,Travel,Bold,512,256,7,True
logos/img_0694.png,Pictorial,Technology,Bold,512,1024,5,False
logos/img_0695.png,Abstract,Travel,Bold,512,1024,2,True
logos/img_0696.png,Abstract,Travel,Playful,1024,1024,7,True
logos/img_0697.png,Abstract,Travel,Innovative,1024,256,4,False
logos/img_0698.png,Emblem,Education,Minimalist,1024,512,3,False
logos/img_0699.png,Combination,Travel,Trustworthy,1024,1024,3,False
logos/img_0700.png,Emblem,Retail,Playful,256,512,7,False
logos/img_0701.png,Lettermark,Finance,Bold,512,512,2,False
logos/img_0702.png,Pictorial,Food & Beverage,Professional,1024,512,3,True
logos/img_0703.png,Combination,Retail,Luxury,512,256,2,True
logos/img_0704.png,Combination,Food & Beverage,Trustworthy,512,512,6,True
logos/img_0705.png,Combination,Healthcare,Playful,256,1024,5,False
logos/img_0706.png,Combination,Food & Beverage,Creative,1024,256,4,True
logos/img_0707.png,Emblem,Finance,Playful,1024,1024,5,False
logos/img_0708.png,Combination,Finance,Minimalist,512,1024,5,True
logos/img_0709.png,Wordmark,Travel,Minimalist,1024,256,6,True
logos/img_0710.png,Pictorial,Real Estate,Playful,512,1024,3,False
logos/img_0711.png,Combination,Healthcare,Bold,512,1024,4,False
logos/img_0712.png,Pictorial,Technology,Luxury,256,256,3,True
logos/img_0713.png,Wordmark,Fashion,Trustworthy,256,1024,7,True
logos/img_0714.png,Wordmark,Food & Beverage,Minimalist,256,512,5,True
logos/img_0715.png,Pictorial,Real Estate,Trustworthy,512,1024,7,True
logos/img_0716.png,Abstract,Travel,Bold,1024,512,2,True
logos/img_0717.png,Lettermark,Education,Trustworthy,256,1024,5,False
logos/img_0718.png,Abstract,Technology,Professional,1024,256,3,False
logos/img_0719.png,Abstract,Sustainability,Minimalist,256,256,5,False
logos/img_0720.png,Emblem,Real Estate,Bold,256,1024,2,False
logos/img_0721.png,Abstract,Education,Bold,512,256,6,True
logos/img_0722.png,Combination,Healthcare,Luxury,256,1024,7,True
logos/img_0723.png,Emblem,Travel,Luxury,256,256,7,False
logos/img_0724.png,Emblem,Technology,Professional,512,512,3,True
logos/img_0725.png,Wordmark,Technology,Bold,1024,1024,5,False
logos/img_0726.png,Abstract,Technology,Innovative,256,512,3,True
logos/img_0727.png,Wordmark,Healthcare,Bold,512,512,6,True
logos/img_0728.png,Pictorial,Food & Beverage,Luxury,256,1024,5,True
logos/img_0729.png,Lettermark,Sustainability,Innovative,512,512,5,False
logos/img_0730.png,Emblem,Healthcare,Minimalist,1024,1024,3,False
logos/img_0731.png,Pictorial,Fashion,Minimalist,1024,512,3,False
logos/img_0732.png,Pictorial,Sustainability,Trustworthy,512,1024,2,False
logos/img_0733.png,Combination,Finance,Playful,512,1024,6,True
logos/img_0734.png,Lettermark,Travel,Luxury,512,256,2,True
logos/img_0735.png,Pictorial,Healthcare,Playful,1024,1024,7,True
logos/img_0736.png,Pictorial,Education,Innovative,256,1024,5,True
logos/img_0737.png,Lettermark,Sustainability,Luxury,1024,512,3,False
logos/img_0738.png,Lettermark,Fashion,Professional,512,1024,5,True
logos/img_0739.png,Pictorial,Finance,Bold,512,256,5,True
logos/img_0740.png,Lettermark,Food & Beverage,Professional,1024,512,4,True
logos/img_0741.png,Pictorial,Education,Innovative,512,512,7,False
logos/img_0742.png,Pictorial,Sustainability,Luxury,1024,256,4,False
logos/img_0743.png,Combination,Travel,Creative,512,512,5,False
logos/img_0744.png,Abstract,Education,Innovative,256,512,3,True
logos/img_0745.png,Pictorial,Finance,Creative,256,512,5,False
logos/img_0746.png,Wordmark,Education,Bold,512,512,7,True
logos/img_0747.png,Emblem,Retail,Minimalist,1024,256,4,True
logos/img_0748.png,Abstract,Real Estate,Minimalist,256,256,3,True
logos/img_0749.png,Abstract,Food & Beverage,Innovative,1024,512,5,False
logos/img_0750.png,Abstract,Finance,Playful,512,512,6,False
logos/img_0751.png,Combination,Education,Luxury,1024,256,7,True
logos/img_0752.png,Pictorial,Real Estate,Luxury,256,256,7,True
logos/img_0753.png,Combination,Real Estate,Minimalist,1024,256,6,False
logos/img_0754.png,Pictorial,Education,Trustworthy,1024,512,5,False
logos/img_0755.png,Combination,Travel,Professional,512,512,7,False
logos/img_0756.png,Combination,Retail,Trustworthy,512,1024,3,True
logos/img_0757.png,Emblem,Healthcare,Bold,512,256,5,True
logos/img_0758.png,Wordmark,Retail,Professional,256,512,5,True
logos/img_0759.png,Combination,Education,Professional,256,256,4,False
logos/img_0760.png,Emblem,Food & Beverage,Innovative,512,512,7,False
logos/img_0761.png,Lettermark,Healthcare,Minimalist,512,256,7,False
logos/img_0762.png,Wordmark,Finance,Trustworthy,256,512,6,True
logos/img_0763.png,Combination,Retail,Trustworthy,256,1024,4,True
logos/img_0764.png,Abstract,Education,Minimalist,256,1024,4,False
logos/img_0765.png,Lettermark,Retail,Trustworthy,256,256,7,True
logos/img_0766.png,Lettermark,Healthcare,Creative,512,512,5,False
logos/img_0767.png,Emblem,Fashion,Minimalist,256,512,4,True
logos/img_0768.png,Lettermark,Sustainability,Innovative,512,256,6,False
logos/img_0769.png,Wordmark,Retail,Playful,1024,512,4,True
logos/img_0770.png,Combination,Finance,Professional,1024,256,6,True
logos/img_0771.png,Combination,Finance,Innovative,256,512,4,False
logos/img_0772.png,Abstract,Technology,Luxury,1024,256,6,False
logos/img_0773.png,Emblem,Retail,Bold,1024,512,4,False
logos/img_0774.png,Abstract,Sustainability,Playful,1024,256,4,False
logos/img_0775.png,Lettermark,Travel,Luxury,256,512,3,False
logos/img_0776.png,Abstract,Real Estate,Professional,256,1024,6,True
logos/img_0777.png,Wordmark,Sustainability,Trustworthy,1024,512,6,False
logos/img_0778.png,Combination,Real Estate,Minimalist,512,256,6,False
logos/img_0779.png,Lettermark,Real Estate,Professional,1024,1024,2,False
logos/img_0780.png,Abstract,Fashion,Innovative,256,512,4,True
logos/img_0781.png,Emblem,Technology,Bold,256,1024,6,False
logos/img_0782.png,Wordmark,Sustainability,Innovative,256,512,7,False
logos/img_0783.png,Wordmark,Sustainability,Playful,1024,1024,2,False
logos/img_0784.png,Abstract,Fashion,Playful,512,256,3,True
logos/img_0785.png,Combination,Retail,Bold,256,512,6,True
logos/img_0786.png,Abstract,Retail,Creative,256,512,6,False
logos/img_0787.png,Lettermark,Retail,Luxury,1024,256,2,True
logos/img_0788.png,Abstract,Food & Beverage,Luxury,512,1024,4,False
logos/img_0789.png,Wordmark,Real Estate,Playful,1024,256,7,True
logos/img_0790.png,Abstract,Food & Beverage,Playful,256,256,3,False
logos/img_0791.png,Combination,Technology,Trustworthy,512,1024,6,True
logos/img_0792.png,Emblem,Fashion,Minimalist,512,256,4,False
logos/img_0793.png,Pictorial,Sustainability,Trustworthy,256,512,7,False
logos/img_0794.png,Abstract,Real Estate,Trustworthy,512,512,7,True
logos/img_0795.png,Combination,Food & Beverage,Creative,512,512,3,False
logos/img_0796.png,Combination,Food & Beverage,Luxury,1024,256,5,False
logos/img_0797.png,Emblem,Education,Creative,256,512,7,False
logos/img_0798.png,Wordmark,Food & Beverage,Creative,256,512,5,False
logos/img_0799.png,Combination,Travel,Bold,256,512,7,True
logos/img_0800.png,Combination,Sustainability,Luxury,256,512,3,False
logos/img_0801.png,Combination,Travel,Minimalist,256,512,2,True
logos/img_0802.png,Combination,Sustainability,Innovative,512,512,3,True
logos/img_0803.png,Lettermark,Fashion,Playful,1024,256,3,True
logos/img_0804.png,Lettermark,Sustainability,Playful,256,512,2,True
logos/img_0805.png,Wordmark,Travel,Minimalist,1024,512,2,False
logos/img_0806.png,Abstract,Sustainability,Creative,1024,1024,4,False
logos/img_0807.png,Combination,Fashion,Trustworthy,512,256,7,True
logos/img_0808.png,Emblem,Fashion,Bold,256,256,4,False
logos/img_0809.png,Abstract,Technology,Creative,512,256,2,True
logos/img_0810.png,Emblem,Sustainability,Playful,256,256,5,False
logos/img_0811.png,Abstract,Education,Professional,512,512,5,False
logos/img_0812.png,Wordmark,Retail,Trustworthy,1024,512,3,False
logos/img_0813.png,Combination,Finance,Playful,256,1024,6,True
logos/img_0814.png,Combination,Fashion,Professional,1024,1024,3,True
logos/img_0815.png,Pictorial,Healthcare,Creative,1024,256,3,False
logos/img_0816.png,Emblem,Retail,Minimalist,512,1024,6,True
logos/img_0817.png,Abstract,Real Estate,Minimalist,256,1024,7,True
logos/img_0818.png,Abstract,Sustainability,Trustworthy,1024,256,2,False
logos/img_0819.png,Lettermark,Travel,Playful,512,256,5,True
logos/img_0820.png,Pictorial,Finance,Luxury,256,1024,3,False
logos/img_0821.png,Lettermark,Healthcare,Professional,256,512,6,False
logos/img_0822.png,Lettermark,Retail,Bold,1024,1024,4,False
logos/img_0823.png,Lettermark,Sustainability,Playful,256,1024,3,True
logos/img_0824.png,Emblem,Technology,Bold,1024,512,5,False
logos/img_0825.png,Emblem,Real Estate,Playful,256,512,2,False
logos/img_0826.png,Wordmark,Finance,Luxury,512,256,3,True
logos/img_0827.png,Wordmark,Education,Luxury,1024,256,3,True
logos/img_0828.png,Lettermark,Technology,Trustworthy,1024,1024,7,True
logos/img_0829.png,Pictorial,Healthcare,Trustworthy,256,512,6,True
logos/img_0830.png,Abstract,Finance,Luxury,256,256,4,False
logos/img_0831.png,Emblem,Technology,Innovative,1024,1024,4,True
logos/img_0832.png,Pictorial,Real Estate,Luxury,256,512,2,True
logos/img_0833.png,Combination,Education,Minimalist,512,1024,5,True
logos/img_0834.png,Emblem,Technology,Minimalist,256,256,2,True
logos/img_0835.png,Emblem,Food & Beverage,Innovative,512,256,3,False
logos/img_0836.png,Wordmark,Education,Creative,512,512,3,True
logos/img_0837.png,Abstract,Healthcare,Professional,512,1024,4,False
logos/img_0838.png,Abstract,Real Estate,Creative,512,512,5,True
logos/img_0839.png,Combination,Sustainability,Bold,512,256,6,False
logos/img_0840.png,Combination,Travel,Creative,256,256,5,False
logos/img_0841.png,Emblem,Travel,Playful,512,1024,3,True
logos/img_0842.png,Lettermark,Travel,Creative,256,1024,6,False
logos/img_0843.png,Wordmark,Finance,Playful,512,1024,5,True
logos/img_0844.png,Wordmark,Healthcare,Innovative,1024,512,5,False
logos/img_0845.png,Emblem,Real Estate,Minimalist,512,1024,6,False
logos/img_0846.png,Pictorial,Education,Trustworthy,1024,1024,3,False
logos/img_0847.png,Lettermark,Finance,Playful,512,256,5,True
logos/img_0848.png,Emblem,Healthcare,Minimalist,512,256,6,False
logos/img_0849.png,Lettermark,Sustainability,Professional,512,1024,7,True
logos/img_0850.png,Lettermark,Food & Beverage,Bold,1024,1024,7,False
logos/img_0851.png,Lettermark,Real Estate,Professional,1024,256,3,False
logos/img_0852.png,Emblem,Travel,Innovative,512,1024,6,False
logos/img_0853.png,Wordmark,Technology,Creative,256,512,7,False
logos/img_0854.png,Wordmark,Real Estate,Creative,512,512,6,False
logos/img_0855.png,Lettermark,Fashion,Luxury,1024,512,5,False
logos/img_0856.png,Pictorial,Healthcare,Luxury,512,1024,3,True
logos/img_0857.png,Abstract,Retail,Luxury,1024,256,7,True
logos/img_0858.png,Emblem,Sustainability,Professional,1024,1024,5,True
logos/img_0859.png,Abstract,Food & Beverage,Playful,1024,1024,2,False
logos/img_0860.png,Pictorial,Sustainability,Bold,512,256,2,True
logos/img_0861.png,Emblem,Real Estate,Luxury,1024,256,3,False
logos/img_0862.png,Lettermark,Retail,Innovative,1024,256,7,True
logos/img_0863.png,Wordmark,Fashion,Innovative,512,512,7,True
logos/img_0864.png,Abstract,Education,Luxury,1024,1024,7,False
logos/img_0865.png,Combination,Technology,Creative,512,256,6,False
logos/img_0866.png,Combination,Retail,Luxury,1024,1024,5,True
logos/img_0867.png,Pictorial,Healthcare,Bold,256,512,7,True
logos/img_0868.png,Lettermark,Travel,Luxury,256,512,5,True
logos/img_0869.png,Abstract,Fashion,Bold,1024,256,3,True
logos/img_0870.png,Lettermark,Technology,Innovative,256,256,7,False
logos/img_0871.png,Abstract,Food & Beverage,Luxury,512,1024,3,True
logos/img_0872.png,Pictorial,Travel,Professional,256,256,7,False
logos/img_0873.png,Pictorial,Real Estate,Trustworthy,1024,1024,2,False
logos/img_0874.png,Combination,Retail,Professional,1024,256,4,True
logos/img_0875.png,Lettermark,Technology,Innovative,512,1024,3,False
logos/img_0876.png,Emblem,Finance,Bold,1024,1024,7,True
logos/img_0877.png,Combination,Education,Professional,512,1024,4,False
logos/img_0878.png,Lettermark,Education,Bold,256,1024,3,False
logos/img_0879.png,Combination,Fashion,Professional,256,512,6,True
logos/img_0880.png,Emblem,Food & Beverage,Professional,512,1024,7,False
logos/img_0881.png,Wordmark,Fashion,Bold,512,256,6,False
logos/img_0882.png,Wordmark,Finance,Playful,1024,512,2,True
logos/img_0883.png,Wordmark,Healthcare,Professional,256,512,7,False
logos/img_0884.png,Wordmark,Food & Beverage,Luxury,512,1024,2,False
logos/img_0885.png,Abstract,Sustainability,Trustworthy,256,512,4,True
logos/img_0886.png,Wordmark,Healthcare,Innovative,512,1024,3,True
logos/img_0887.png,Emblem,Food & Beverage,Playful,256,256,5,False
logos/img_0888.png,Pictorial,Food & Beverage,Bold,1024,1024,2,False
logos/img_0889.png,Pictorial,Finance,Playful,256,512,5,False
logos/img_0890.png,Abstract,Real Estate,Minimalist,256,256,5,True
logos/img_0891.png,Wordmark,Finance,Minimalist,256,1024,3,False
logos/img_0892.png,Wordmark,Food & Beverage,Professional,256,256,4,False
logos/img_0893.png,Wordmark,Technology,Professional,256,256,3,False
logos/img_0894.png,Combination,Healthcare,Luxury,1024,512,7,False
logos/img_0895.png,Lettermark,Finance,Trustworthy,512,256,2,False
logos/img_0896.png,Combination,Real Estate,Innovative,256,512,5,False
logos/img_0897.png,Lettermark,Retail,Playful,1024,256,3,True
logos/img_0898.png,Wordmark,Fashion,Minimalist,256,1024,3,True
logos/img_0899.png,Wordmark,Food & Beverage,Professional,256,256,3,False
logos/img_0900.png,Combination,Sustainability,Creative,512,1024,2,False
logos/img_0901.png,Combination,Retail,Creative,256,1024,4,True
logos/img_0902.png,Lettermark,Education,Innovative,1024,256,3,True
logos/img_0903.png,Pictorial,Travel,Playful,1024,1024,2,True
logos/img_0904.png,Lettermark,Real Estate,Professional,512,256,5,False
logos/img_0905.png,Combination,Sustainability,Professional,256,256,7,False
logos/img_0906.png,Emblem,Travel,Minimalist,1024,1024,6,False
logos/img_0907.png,Combination,Real Estate,Minimalist,256,1024,2,False
logos/img_0908.png,Emblem,Technology,Professional,256,512,6,True
logos/img_0909.png,Abstract,Fashion,Bold,256,1024,3,True
logos/img_0910.png,Combination,Retail,Professional,512,512,3,True
logos/img_0911.png,Abstract,Healthcare,Innovative,256,1024,2,True
logos/img_0912.png,Pictorial,Real Estate,Professional,1024,256,6,False
logos/img_0913.png,Lettermark,Healthcare,Luxury,256,1024,3,False
logos/img_0914.png,Emblem,Fashion,Trustworthy,1024,256,5,True
logos/img_0915.png,Lettermark,Food & Beverage,Luxury,256,256,4,True
logos/img_0916.png,Abstract,Education,Luxury,1024,256,4,True
logos/img_0917.png,Emblem,Retail,Bold,1024,512,3,True
logos/img_0918.png,Lettermark,Fashion,Bold,256,1024,6,True
logos/img_0919.png,Combination,Fashion,Creative,256,256,7,False
logos/img_0920.png,Wordmark,Technology,Professional,1024,256,3,False
logos/img_0921.png,Abstract,Travel,Luxury,512,512,7,True
logos/img_0922.png,Lettermark,Education,Bold,256,1024,7,True
logos/img_0923.png,Abstract,Retail,Minimalist,512,1024,6,True
logos/img_0924.png,Abstract,Food & Beverage,Professional,256,512,7,False
logos/img_0925.png,Emblem,Food & Beverage,Innovative,256,512,5,False
logos/img_0926.png,Emblem,Finance,Trustworthy,256,1024,6,False
logos/img_0927.png,Wordmark,Fashion,Playful,256,512,3,True
logos/img_0928.png,Combination,Real Estate,Professional,512,1024,5,False
logos/img_0929.png,Abstract,Technology,Playful,256,1024,2,True
logos/img_0930.png,Lettermark,Education,Luxury,1024,256,4,False
logos/img_0931.png,Pictorial,Food & Beverage,Trustworthy,1024,256,3,False
logos/img_0932.png,Abstract,Retail,Playful,512,1024,3,False
logos/img_0933.png,Abstract,Finance,Luxury,256,1024,3,True
logos/img_0934.png,Wordmark,Retail,Minimalist,1024,1024,5,True
logos/img_0935.png,Combination,Technology,Playful,512,1024,2,False
logos/img_0936.png,Pictorial,Real Estate,Trustworthy,256,1024,6,True
logos/img_0937.png,Emblem,Finance,Creative,1024,1024,2,True
logos/img_0938.png,Emblem,Finance,Professional,1024,512,5,True
logos/img_0939.png,Lettermark,Travel,Luxury,512,1024,3,True
logos/img_0940.png,Pictorial,Education,Professional,256,512,4,True
logos/img_0941.png,Emblem,Finance,Trustworthy,256,512,3,True
logos/img_0942.png,Lettermark,Travel,Bold,1024,1024,6,True
logos/img_0943.png,Combination,Travel,Luxury,1024,1024,7,False
logos/img_0944.png,Lettermark,Technology,Playful,1024,512,4,True
logos/img_0945.png,Emblem,Healthcare,Luxury,256,512,3,True
logos/img_0946.png,Wordmark,Retail,Professional,512,1024,4,False
logos/img_0947.png,Wordmark,Real Estate,Minimalist,512,1024,7,False
logos/img_0948.png,Wordmark,Sustainability,Luxury,256,512,2,False
logos/img_0949.png,Emblem,Retail,Playful,512,512,5,False
logos/img_0950.png,Wordmark,Finance,Bold,1024,512,3,True
logos/img_0951.png,Pictorial,Real Estate,Creative,512,256,6,False
logos/img_0952.png,Combination,Food & Beverage,Innovative,512,512,2,False
logos/img_0953.png,Lettermark,Healthcare,Minimalist,512,256,3,True
logos/img_0954.png,Lettermark,Food & Beverage,Creative,1024,1024,2,True
logos/img_0955.png,Emblem,Food & Beverage,Bold,256,1024,6,True
logos/img_0956.png,Wordmark,Education,Luxury,1024,512,3,False
logos/img_0957.png,Wordmark,Retail,Professional,256,1024,7,True
logos/img_0958.png,Abstract,Sustainability,Trustworthy,256,1024,7,False
logos/img_0959.png,Combination,Technology,Professional,256,1024,6,True
logos/img_0960.png,Pictorial,Sustainability,Creative,512,1024,4,True
logos/img_0961.png,Lettermark,Food & Beverage,Playful,512,256,6,False
logos/img_0962.png,Abstract,Finance,Professional,256,256,4,True
logos/img_0963.png,Abstract,Healthcare,Minimalist,256,512,3,True
logos/img_0964.png,Emblem,Fashion,Professional,512,512,4,True
logos/img_0965.png,Lettermark,Sustainability,Playful,1024,512,3,True
logos/img_0966.png,Emblem,Food & Beverage,Innovative,256,1024,3,True
logos/img_0967.png,Pictorial,Healthcare,Luxury,1024,1024,5,False
logos/img_0968.png,Abstract,Real Estate,Trustworthy,512,256,3,False
logos/img_0969.png,Abstract,Retail,Creative,256,256,4,True
logos/img_0970.png,Combination,Travel,Luxury,1024,512,5,False
logos/img_0971.png,Pictorial,Education,Professional,1024,256,5,False
logos/img_0972.png,Abstract,Healthcare,Bold,1024,256,3,False
logos/img_0973.png,Pictorial,Finance,Luxury,512,256,6,True
logos/img_0974.png,Lettermark,Finance,Innovative,512,256,6,True
logos/img_0975.png,Wordmark,Healthcare,Professional,1024,256,7,True
logos/img_0976.png,Abstract,Finance,Trustworthy,1024,512,5,False
logos/img_0977.png,Combination,Retail,Playful,512,512,3,False
logos/img_0978.png,Lettermark,Finance,Innovative,1024,256,6,True
logos/img_0979.png,Pictorial,Sustainability,Professional,1024,512,3,True
logos/img_0980.png,Emblem,Travel,Innovative,512,1024,3,False
logos/img_0981.png,Lettermark,Finance,Luxury,1024,256,5,False
logos/img_0982.png,Abstract,Travel,Trustworthy,1024,1024,7,True
logos/img_0983.png,Pictorial,Food & Beverage,Playful,1024,512,5,False
logos/img_0984.png,Wordmark,Technology,Professional,512,512,2,False
logos/img_0985.png,Lettermark,Retail,Minimalist,1024,1024,6,False
logos/img_0986.png,Abstract,Technology,Creative,512,512,6,False
logos/img_0987.png,Combination,Food & Beverage,Playful,512,256,6,False
logos/img_0988.png,Emblem,Retail,Minimalist,256,1024,4,False
logos/img_0989.png,Pictorial,Healthcare,Innovative,256,256,3,False
logos/img_0990.png,Lettermark,Healthcare,Bold,1024,1024,5,True
logos/img_0991.png,Lettermark,Travel,Playful,512,512,6,True
logos/img_0992.png,Wordmark,Food & Beverage,Innovative,256,1024,2,False
logos/img_0993.png,Wordmark,Travel,Minimalist,1024,1024,6,False
logos/img_0994.png,Combination,Education,Luxury,256,256,7,False
logos/img_0995.png,Emblem,Finance,Luxury,256,512,3,True
logos/img_0996.png,Combination,Fashion,Bold,512,256,3,True
logos/img_0997.png,Abstract,Education,Creative,512,512,5,False
logos/img_0998.png,Abstract,Finance,Playful,256,256,4,True
logos/img_0999.png,Combination,Retail,Playful,256,1024,5,False
logos/img_1000.png,Emblem,Travel,Playful,512,256,6,False
logos/img_1001.png,Combination,Retail,Creative,1024,512,7,False
logos/img_1002.png,Emblem,Retail,Innovative,512,512,2,False
logos/img_1003.png,Emblem,Finance,Trustworthy,256,1024,5,False
logos/img_1004.png,Pictorial,Food & Beverage,Trustworthy,1024,512,4,False
logos/img_1005.png,Emblem,Finance,Bold,256,256,5,False
logos/img_1006.png,Wordmark,Real Estate,Playful,1024,1024,3,True
logos/img_1007.png,Emblem,Healthcare,Innovative,256,512,6,False
logos/img_1008.png,Emblem,Healthcare,Luxury,1024,512,6,True
logos/img_1009.png,Emblem,Education,Minimalist,1024,256,6,False
logos/img_1010.png,Abstract,Healthcare,Innovative,256,256,6,False
logos/img_1011.png,Wordmark,Finance,Creative,1024,1024,6,True
logos/img_1012.png,Wordmark,Sustainability,Trustworthy,512,512,6,True
logos/img_1013.png,Combination,Travel,Trustworthy,256,256,2,False
logos/img_1014.png,Pictorial,Finance,Luxury,512,1024,4,True
logos/img_1015.png,Emblem,Finance,Luxury,256,512,6,False
logos/img_1016.png,Lettermark,Fashion,Creative,1024,512,4,False
logos/img_1017.png,Pictorial,Travel,Minimalist,1024,1024,7,True
logos/img_1018.png,Pictorial,Real Estate,Luxury,1024,1024,6,True
logos/img_1019.png,Wordmark,Healthcare,Bold,256,256,5,True
logos/img_1020.png,Pictorial,Travel,Minimalist,512,512,6,True
logos/img_1021.png,Emblem,Healthcare,Luxury,512,512,3,False
logos/img_1022.png,Emblem,Education,Professional,256,512,2,True
logos/img_1023.png,Abstract,Travel,Innovative,256,1024,5,True
logos/img_1024.png,Emblem,Healthcare,Luxury,512,256,5,True
logos/img_1025.png,Emblem,Real Estate,Bold,512,512,3,True
logos/img_1026.png,Wordmark,Technology,Playful,512,1024,6,True
logos/img_1027.png,Emblem,Retail,Luxury,512,512,2,False
logos/img_1028.png,Abstract,Retail,Trustworthy,256,256,5,False
logos/img_1029.png,Lettermark,Real Estate,Trustworthy,256,512,2,True
logos/img_1030.png,Wordmark,Fashion,Trustworthy,1024,256,5,True
logos/img_1031.png,Lettermark,Technology,Playful,512,256,6,False
logos/img_1032.png,Wordmark,Education,Trustworthy,1024,512,7,True
logos/img_1033.png,Combination,Real Estate,Professional,256,512,5,False
logos/img_1034.png,Pictorial,Retail,Luxury,256,256,7,False
logos/img_1035.png,Combination,Retail,Creative,1024,1024,5,True
logos/img_1036.png,Emblem,Retail,Trustworthy,512,256,4,False
logos/img_1037.png,Lettermark,Food & Beverage,Minimalist,512,512,6,True
logos/img_1038.png,Emblem,Real Estate,Creative,512,512,3,True
logos/img_1039.png,Pictorial,Finance,Playful,512,1024,7,False
logos/img_1040.png,Wordmark,Education,Professional,1024,256,3,False
logos/img_1041.png,Pictorial,Retail,Minimalist,1024,256,6,True
logos/img_1042.png,Abstract,Healthcare,Minimalist,256,256,3,False
logos/img_1043.png,Pictorial,Real Estate,Minimalist,512,512,6,True
logos/img_1044.png,Abstract,Food & Beverage,Minimalist,512,256,3,False
logos/img_1045.png,Pictorial,Real Estate,Creative,512,1024,7,False
logos/img_1046.png,Abstract,Education,Creative,1024,512,4,True
logos/img_1047.png,Lettermark,Food & Beverage,Luxury,512,512,3,True
logos/img_1048.png,Emblem,Education,Trustworthy,1024,256,7,True
logos/img_1049.png,Emblem,Real Estate,Innovative,512,1024,5,False
logos/img_1050.png,Combination,Finance,Luxury,512,512,6,True
logos/img_1051.png,Emblem,Education,Luxury,256,512,2,True
logos/img_1052.png,Wordmark,Food & Beverage,Professional,512,256,2,False
logos/img_1053.png,Pictorial,Food & Beverage,Professional,512,256,6,False
logos/img_1054.png,Combination,Education,Trustworthy,256,1024,4,True
logos/img_1055.png,Wordmark,Sustainability,Innovative,1024,256,3,True
logos/img_1056.png,Wordmark,Real Estate,Professional,1024,1024,4,True
logos/img_1057.png,Abstract,Sustainability,Trustworthy,512,512,2,True
logos/img_1058.png,Emblem,Fashion,Trustworthy,1024,1024,7,False
logos/img_1059.png,Lettermark,Real Estate,Creative,512,1024,6,False
logos/img_1060.png,Lettermark,Education,Bold,256,1024,6,True
logos/img_1061.png,Combination,Technology,Creative,256,512,4,True
logos/img_1062.png,Lettermark,Education,Innovative,512,256,7,True
logos/img_1063.png,Pictorial,Sustainability,Professional,256,512,4,False
logos/img_1064.png,Lettermark,Finance,Innovative,256,256,3,True
logos/img_1065.png,Combination,Education,Luxury,512,1024,5,True
logos/img_1066.png,Lettermark,Education,Luxury,512,1024,7,False
logos/img_1067.png,Pictorial,Finance,Innovative,256,1024,5,False
logos/img_1068.png,Abstract,Education,Bold,1024,1024,3,True
logos/img_1069.png,Combination,Retail,Bold,1024,1024,5,True
logos/img_1070.png,Abstract,Technology,Creative,512,256,2,False
logos/img_1071.png,Abstract,Healthcare,Innovative,512,256,5,True
logos/img_1072.png,Abstract,Technology,Professional,1024,1024,3,True
logos/img_1073.png,Wordmark,Education,Creative,256,512,5,False
logos/img_1074.png,Emblem,Retail,Playful,1024,512,6,False
logos/img_1075.png,Wordmark,Real Estate,Bold,1024,1024,4,False
logos/img_1076.png,Emblem,Education,Minimalist,1024,256,2,True
logos/img_1077.png,Abstract,Sustainability,Creative,1024,512,6,False
logos/img_1078.png,Combination,Retail,Luxury,512,512,6,False
logos/img_1079.png,Emblem,Finance,Creative,512,512,3,True
logos/img_1080.png,Pictorial,Retail,Innovative,256,1024,4,True
logos/img_1081.png,Pictorial,Finance,Minimalist,256,512,4,False
logos/img_1082.png,Lettermark,Fashion,Innovative,256,512,7,False
logos/img_1083.png,Emblem,Healthcare,Trustworthy,256,512,2,True
logos/img_1084.png,Combination,Travel,Luxury,1024,512,3,True
logos/img_1085.png,Wordmark,Retail,Luxury,512,256,2,False
logos/img_1086.png,Abstract,Food & Beverage,Bold,512,1024,7,False
logos/img_1087.png,Lettermark,Sustainability,Creative,256,1024,5,True
logos/img_1088.png,Pictorial,Education,Bold,256,256,6,False
logos/img_1089.png,Wordmark,Sustainability,Minimalist,1024,256,2,True
logos/img_1090.png,Wordmark,Technology,Creative,1024,1024,6,False
logos/img_1091.png,Abstract,Travel,Trustworthy,256,512,3,True
logos/img_1092.png,Emblem,Technology,Innovative,512,512,5,True
logos/img_1093.png,Pictorial,Fashion,Trustworthy,512,1024,3,False
logos/img_1094.png,Combination,Travel,Luxury,512,512,5,False
logos/img_1095.png,Wordmark,Travel,Minimalist,256,256,5,True
logos/img_1096.png,Abstract,Technology,Playful,512,512,6,False
logos/img_1097.png,Combination,Finance,Minimalist,1024,512,3,False
logos/img_1098.png,Emblem,Technology,Professional,1024,512,3,False
logos/img_1099.png,Pictorial,Sustainability,Minimalist,256,1024,2,True
logos/img_1100.png,Emblem,Finance,Trustworthy,1024,256,3,False
logos/img_1101.png,Wordmark,Sustainability,Professional,256,512,2,False
logos/img_1102.png,Combination,Fashion,Professional,512,1024,4,True
logos/img_1103.png,Combination,Education,Creative,512,512,4,False
logos/img_1104.png,Combination,Real Estate,Creative,512,256,4,False
logos/img_1105.png,Wordmark,Finance,Professional,1024,512,7,True
logos/img_1106.png,Wordmark,Fashion,Playful,256,256,3,True
logos/img_1107.png,Emblem,Food & Beverage,Creative,512,512,7,False
logos/img_1108.png,Lettermark,Fashion,Minimalist,256,256,3,False
logos/img_1109.png,Emblem,Technology,Trustworthy,512,512,2,True
logos/img_1110.png,Pictorial,Technology,Minimalist,1024,256,7,True
logos/img_1111.png,Abstract,Real Estate,Playful,1024,512,7,False
logos/img_1112.png,Combination,Fashion,Luxury,256,512,7,False
logos/img_1113.png,Lettermark,Healthcare,Bold,1024,1024,5,False
logos/img_1114.png,Abstract,Education,Trustworthy,1024,1024,2,True
logos/img_1115.png,Lettermark,Technology,Creative,256,256,4,False
logos/img_1116.png,Emblem,Real Estate,Trustworthy,512,512,2,True
logos/img_1117.png,Wordmark,Education,Minimalist,1024,256,5,True
logos/img_1118.png,Combination,Fashion,Bold,256,1024,3,True
logos/img_1119.png,Emblem,Fashion,Innovative,1024,256,2,False
logos/img_1120.png,Abstract,Travel,Innovative,1024,256,7,False
logos/img_1121.png,Abstract,Real Estate,Creative,1024,1024,4,False
logos/img_1122.png,Abstract,Technology,Playful,1024,512,4,True
logos/img_1123.png,Abstract,Healthcare,Innovative,256,256,3,False
logos/img_1124.png,Abstract,Fashion,Trustworthy,256,1024,2,True
logos/img_1125.png,Lettermark,Healthcare,Innovative,256,512,5,True
logos/img_1126.png,Emblem,Fashion,Luxury,1024,1024,3,True
logos/img_1127.png,Combination,Technology,Luxury,1024,256,2,True
logos/img_1128.png,Wordmark,Education,Creative,1024,512,6,True
logos/img_1129.png,Wordmark,Retail,Luxury,256,512,4,True
logos/img_1130.png,Emblem,Education,Innovative,1024,1024,5,False
logos/img_1131.png,Emblem,Fashion,Playful,512,1024,7,True
logos/img_1132.png,Wordmark,Sustainability,Professional,1024,1024,5,False
logos/img_1133.png,Wordmark,Retail,Professional,512,512,7,True
logos/img_1134.png,Lettermark,Retail,Creative,1024,512,5,False
logos/img_1135.png,Pictorial,Healthcare,Bold,256,256,4,False
logos/img_1136.png,Combination,Real Estate,Professional,1024,512,7,False
logos/img_1137.png,Abstract,Healthcare,Professional,512,256,2,False
logos/img_1138.png,Pictorial,Healthcare,Luxury,512,1024,7,True
logos/img_1139.png,Emblem,Sustainability,Luxury,1024,1024,3,True
logos/img_1140.png,Wordmark,Education,Innovative,512,512,2,True
logos/img_1141.png,Pictorial,Education,Creative,512,1024,3,True
logos/img_1142.png,Combination,Food & Beverage,Bold,256,1024,5,False
logos/img_1143.png,Emblem,Fashion,Creative,1024,512,2,False
logos/img_1144.png,Abstract,Sustainability,Minimalist,1024,256,5,False
logos/img_1145.png,Abstract,Food & Beverage,Trustworthy,1024,512,6,True
logos/img_1146.png,Combination,Technology,Bold,512,256,5,False
logos/img_1147.png,Combination,Fashion,Bold,1024,512,5,True
logos/img_1148.png,Wordmark,Fashion,Playful,1024,512,3,False
logos/img_1149.png,Abstract,Travel,Creative,256,1024,7,False
logos/img_1150.png,Emblem,Travel,Innovative,256,512,6,False
logos/img_1151.png,Pictorial,Finance,Playful,256,512,5,False
logos/img_1152.png,Emblem,Finance,Bold,512,256,5,False
logos/img_1153.png,Lettermark,Healthcare,Bold,1024,1024,6,True
logos/img_1154.png,Lettermark,Technology,Bold,256,256,6,False
logos/img_1155.png,Combination,Retail,Professional,256,256,2,True
logos/img_1156.png,Wordmark,Retail,Creative,256,1024,3,True
logos/img_1157.png,Lettermark,Travel,Trustworthy,1024,1024,6,True
logos/img_1158.png,Abstract,Travel,Trustworthy,1024,1024,6,True
logos/img_1159.png,Emblem,Travel,Playful,1024,512,4,True
logos/img_1160.png,Emblem,Sustainability,Bold,512,1024,7,True
logos/img_1161.png,Combination,Real Estate,Trustworthy,512,1024,6,True
logos/img_1162.png,Pictorial,Finance,Luxury,256,1024,3,True
logos/img_1163.png,Combination,Sustainability,Creative,1024,256,7,False
logos/img_1164.png,Pictorial,Education,Trustworthy,256,256,7,False
logos/img_1165.png,Combination,Retail,Innovative,1024,512,5,True
logos/img_1166.png,Combination,Fashion,Creative,1024,256,5,True
logos/img_1167.png,Combination,Finance,Innovative,1024,512,5,True
logos/img_1168.png,Pictorial,Food & Beverage,Trustworthy,512,256,5,False
logos/img_1169.png,Pictorial,Education,Luxury,512,1024,4,False
logos/img_1170.png,Combination,Finance,Innovative,1024,256,6,True
logos/img_1171.png,Lettermark,Sustainability,Professional,256,512,5,True
logos/img_1172.png,Wordmark,Technology,Trustworthy,1024,256,2,False
logos/img_1173.png,Wordmark,Fashion,Professional,1024,1024,5,False
logos/img_1174.png,Wordmark,Finance,Trustworthy,256,512,6,True
logos/img_1175.png,Pictorial,Real Estate,Minimalist,1024,1024,5,True
logos/img_1176.png,Pictorial,Travel,Minimalist,256,1024,4,True
logos/img_1177.png,Lettermark,Travel,Minimalist,512,512,3,True
logos/img_1178.png,Wordmark,Fashion,Innovative,512,1024,3,False
logos/img_1179.png,Wordmark,Sustainability,Professional,256,1024,6,False
logos/img_1180.png,Combination,Travel,Professional,512,256,3,True
logos/img_1181.png,Pictorial,Finance,Professional,512,1024,3,True
logos/img_1182.png,Wordmark,Food & Beverage,Luxury,256,1024,2,True
logos/img_1183.png,Emblem,Retail,Professional,512,1024,6,False
logos/img_1184.png,Lettermark,Retail,Luxury,1024,1024,6,True
logos/img_1185.png,Emblem,Education,Minimalist,1024,512,3,True
logos/img_1186.png,Emblem,Healthcare,Minimalist,256,256,3,True
logos/img_1187.png,Lettermark,Technology,Innovative,512,1024,3,False
logos/img_1188.png,Emblem,Fashion,Trustworthy,1024,1024,7,True
logos/img_1189.png,Wordmark,Education,Minimalist,1024,512,4,False
logos/img_1190.png,Pictorial,Healthcare,Trustworthy,512,1024,5,True
logos/img_1191.png,Lettermark,Sustainability,Trustworthy,512,512,4,True
logos/img_1192.png,Combination,Real Estate,Creative,1024,256,6,True
logos/img_1193.png,Emblem,Real Estate,Innovative,1024,256,2,False
logos/img_1194.png,Lettermark,Technology,Bold,256,1024,5,True
logos/img_1195.png,Abstract,Travel,Bold,256,1024,2,True
logos/img_1196.png,Abstract,Finance,Playful,1024,1024,7,False
logos/img_1197.png,Pictorial,Education,Creative,256,512,6,False
logos/img_1198.png,Wordmark,Education,Innovative,1024,1024,7,False
logos/img_1199.png,Pictorial,Fashion,Playful,1024,1024,6,True
logos/img_1200.png,Pictorial,Fashion,Playful,256,256,2,False
logos/img_1201.png,Pictorial,Real Estate,Creative,256,1024,2,True
logos/img_1202.png,Pictorial,Real Estate,Bold,512,256,2,False
logos/img_1203.png,Combination,Food & Beverage,Innovative,512,1024,6,False
logos/img_1204.png,Combination,Food & Beverage,Bold,512,256,3,False
logos/img_1205.png,Lettermark,Travel,Playful,1024,1024,2,True
logos/img_1206.png,Abstract,Food & Beverage,Innovative,256,256,7,True
logos/img_1207.png,Pictorial,Finance,Playful,1024,512,5,True
logos/img_1208.png,Lettermark,Finance,Professional,256,256,6,True
logos/img_1209.png,Abstract,Education,Creative,1024,256,7,True
logos/img_1210.png,Emblem,Retail,Trustworthy,512,256,4,True
logos/img_1211.png,Wordmark,Finance,Innovative,512,1024,4,True
logos/img_1212.png,Combination,Healthcare,Innovative,512,1024,5,True
logos/img_1213.png,Emblem,Real Estate,Trustworthy,1024,1024,3,True
logos/img_1214.png,Abstract,Fashion,Playful,256,512,2,False
logos/img_1215.png,Emblem,Food & Beverage,Professional,256,512,6,False
logos/img_1216.png,Wordmark,Education,Luxury,512,256,7,True
logos/img_1217.png,Abstract,Technology,Trustworthy,512,512,2,True
logos/img_1218.png,Emblem,Fashion,Creative,512,256,7,True
logos/img_1219.png,Combination,Healthcare,Bold,512,256,6,True
logos/img_1220.png,Combination,Food & Beverage,Playful,256,256,4,False
logos/img_1221.png,Lettermark,Healthcare,Trustworthy,1024,512,2,False
logos/img_1222.png,Emblem,Real Estate,Trustworthy,1024,1024,5,True
logos/img_1223.png,Pictorial,Real Estate,Innovative,1024,512,3,False
logos/img_1224.png,Emblem,Travel,Bold,1024,256,5,False
logos/img_1225.png,Abstract,Education,Bold,512,256,3,True
logos/img_1226.png,Abstract,Fashion,Creative,512,512,7,True
logos/img_1227.png,Emblem,Sustainability,Bold,512,256,2,True
logos/img_1228.png,Wordmark,Sustainability,Trustworthy,1024,256,2,True
logos/img_1229.png,Combination,Fashion,Luxury,512,512,3,False
logos/img_1230.png,Abstract,Technology,Minimalist,512,512,4,True
logos/img_1231.png,Combination,Education,Playful,256,512,6,False
logos/img_1232.png,Abstract,Healthcare,Minimalist,256,256,5,True
logos/img_1233.png,Lettermark,Technology,Trustworthy,512,256,7,False
logos/img_1234.png,Pictorial,Retail,Minimalist,256,1024,5,True
logos/img_1235.png,Abstract,Fashion,Trustworthy,256,1024,5,True
logos/img_1236.png,Combination,Healthcare,Minimalist,512,512,7,False
logos/img_1237.png,Lettermark,Sustainability,Bold,512,1024,7,False
logos/img_1238.png,Abstract,Finance,Professional,512,256,2,False
logos/img_1239.png,Wordmark,Travel,Bold,512,1024,5,True
logos/img_1240.png,Pictorial,Sustainability,Bold,1024,256,6,False
logos/img_1241.png,Abstract,Education,Creative,1024,512,6,False
logos/img_1242.png,Lettermark,Real Estate,Innovative,512,512,3,False
logos/img_1243.png,Wordmark,Finance,Innovative,256,256,7,False
logos/img_1244.png,Emblem,Travel,Minimalist,512,1024,2,False
logos/img_1245.png,Lettermark,Travel,Trustworthy,512,512,6,False
logos/img_1246.png,Lettermark,Retail,Creative,256,512,4,False
logos/img_1247.png,Wordmark,Retail,Bold,1024,1024,2,False
logos/img_1248.png,Lettermark,Food & Beverage,Creative,512,1024,2,False
logos/img_1249.png,Wordmark,Sustainability,Minimalist,512,256,6,True
logos/img_1250.png,Abstract,Sustainability,Innovative,1024,1024,4,True
logos/img_1251.png,Wordmark,Sustainability,Professional,1024,1024,3,False
logos/img_1252.png,Wordmark,Food & Beverage,Playful,256,1024,6,True
logos/img_1253.png,Pictorial,Technology,Minimalist,1024,256,4,True
logos/img_1254.png,Wordmark,Travel,Creative,1024,256,2,False
logos/img_1255.png,Wordmark,Finance,Professional,1024,512,4,False
logos/img_1256.png,Emblem,Education,Playful,256,256,2,False
logos/img_1257.png,Abstract,Travel,Luxury,1024,512,6,False
logos/img_1258.png,Pictorial,Retail,Minimalist,1024,1024,7,False
logos/img_1259.png,Emblem,Healthcare,Minimalist,256,512,6,False
logos/img_1260.png,Combination,Real Estate,Luxury,1024,512,5,True
logos/img_1261.png,Abstract,Food & Beverage,Luxury,1024,1024,5,False
logos/img_1262.png,Abstract,Fashion,Minimalist,256,512,5,True
logos/img_1263.png,Combination,Healthcare,Luxury,512,256,6,False
logos/img_1264.png,Wordmark,Education,Bold,256,256,3,False
logos/img_1265.png,Emblem,Sustainability,Playful,1024,256,6,True
logos/img_1266.png,Lettermark,Retail,Playful,1024,256,7,False
logos/img_1267.png,Pictorial,Retail,Playful,1024,512,4,False
logos/img_1268.png,Lettermark,Retail,Bold,256,512,6,True
logos/img_1269.png,Combination,Sustainability,Trustworthy,1024,1024,6,False
logos/img_1270.png,Abstract,Fashion,Luxury,1024,512,2,True
logos/img_1271.png,Abstract,Food & Beverage,Professional,256,512,2,False
logos/img_1272.png,Pictorial,Healthcare,Luxury,512,512,2,False
logos/img_1273.png,Abstract,Sustainability,Minimalist,512,1024,6,True
logos/img_1274.png,Abstract,Education,Innovative,1024,256,3,False
logos/img_1275.png,Pictorial,Food & Beverage,Creative,256,512,4,True
logos/img_1276.png,Emblem,Education,Creative,1024,1024,4,True
logos/img_1277.png,Emblem,Food & Beverage,Playful,256,1024,7,True
logos/img_1278.png,Pictorial,Fashion,Luxury,256,1024,3,False
logos/img_1279.png,Combination,Real Estate,Professional,512,256,3,False
logos/img_1280.png,Abstract,Education,Minimalist,512,512,4,True
logos/img_1281.png,Abstract,Sustainability,Bold,256,1024,5,False
logos/img_1282.png,Combination,Food & Beverage,Trustworthy,1024,256,2,False
logos/img_1283.png,Emblem,Retail,Bold,512,1024,2,False
logos/img_1284.png,Wordmark,Travel,Professional,1024,1024,4,True
logos/img_1285.png,Wordmark,Retail,Minimalist,512,1024,3,False
logos/img_1286.png,Wordmark,Technology,Playful,512,1024,7,True
logos/img_1287.png,Emblem,Real Estate,Luxury,1024,1024,5,False
logos/img_1288.png,Emblem,Real Estate,Minimalist,512,256,4,False
logos/img_1289.png,Combination,Retail,Creative,512,512,2,True
logos/img_1290.png,Abstract,Healthcare,Trustworthy,1024,512,6,False
logos/img_1291.png,Combination,Fashion,Bold,512,512,3,True
logos/img_1292.png,Combination,Education,Trustworthy,512,512,6,False
logos/img_1293.png,Emblem,Sustainability,Trustworthy,512,256,7,True
logos/img_1294.png,Wordmark,Real Estate,Professional,1024,256,4,False
logos/img_1295.png,Lettermark,Retail,Professional,256,256,2,False
logos/img_1296.png,Abstract,Retail,Luxury,1024,1024,5,False
logos/img_1297.png,Emblem,Fashion,Professional,256,1024,6,True
logos/img_1298.png,Wordmark,Fashion,Professional,512,1024,5,True
logos/img_1299.png,Lettermark,Finance,Minimalist,256,512,7,True
logos/img_1300.png,Lettermark,Finance,Creative,1024,1024,2,False
logos/img_1301.png,Emblem,Healthcare,Playful,1024,512,6,True
logos/img_1302.png,Pictorial,Healthcare,Luxury,512,1024,7,True
logos/img_1303.png,Abstract,Technology,Minimalist,256,512,5,True
logos/img_1304.png,Lettermark,Healthcare,Playful,512,1024,5,True
logos/img_1305.png,Emblem,Food & Beverage,Trustworthy,512,1024,6,True
logos/img_1306.png,Emblem,Fashion,Minimalist,1024,256,2,True
logos/img_1307.png,Wordmark,Sustainability,Innovative,256,1024,5,True
logos/img_1308.png,Pictorial,Food & Beverage,Minimalist,256,1024,4,True
logos/img_1309.png,Abstract,Education,Professional,256,256,7,True
logos/img_1310.png,Combination,Retail,Playful,256,512,6,True
logos/img_1311.png,Wordmark,Healthcare,Luxury,512,256,3,False
logos/img_1312.png,Lettermark,Retail,Luxury,512,256,3,False
logos/img_1313.png,Lettermark,Real Estate,Playful,1024,512,2,True
logos/img_1314.png,Wordmark,Technology,Professional,512,1024,4,False
logos/img_1315.png,Emblem,Real Estate,Bold,512,512,5,False
logos/img_1316.png,Lettermark,Technology,Minimalist,1024,1024,3,True
logos/img_1317.png,Pictorial,Finance,Professional,1024,1024,2,True
logos/img_1318.png,Abstract,Retail,Innovative,1024,512,7,True
logos/img_1319.png,Pictorial,Technology,Creative,512,256,4,False
logos/img_1320.png,Lettermark,Travel,Trustworthy,512,512,4,True
logos/img_1321.png,Combination,Food & Beverage,Playful,1024,1024,2,False
logos/img_1322.png,Abstract,Technology,Creative,1024,512,2,True
logos/img_1323.png,Abstract,Technology,Minimalist,1024,512,5,False
logos/img_1324.png,Wordmark,Food & Beverage,Luxury,512,1024,2,False
logos/img_1325.png,Wordmark,Retail,Trustworthy,512,256,5,True
logos/img_1326.png,Combination,Retail,Creative,256,512,5,True
logos/img_1327.png,Emblem,Food & Beverage,Bold,512,1024,6,False
logos/img_1328.png,Abstract,Real Estate,Creative,512,1024,4,False
logos/img_1329.png,Combination,Travel,Innovative,512,512,7,True
logos/img_1330.png,Wordmark,Sustainability,Luxury,1024,256,4,True
logos/img_1331.png,Wordmark,Education,Playful,512,512,4,False
logos/img_1332.png,Abstract,Travel,Minimalist,1024,256,6,True
logos/img_1333.png,Pictorial,Retail,Playful,256,256,5,False
logos/img_1334.png,Lettermark,Sustainability,Trustworthy,256,256,5,True
logos/img_1335.png,Wordmark,Finance,Minimalist,1024,256,2,True
logos/img_1336.png,Emblem,Healthcare,Professional,1024,512,6,True
logos/img_1337.png,Emblem,Technology,Bold,1024,1024,2,False
logos/img_1338.png,Wordmark,Food & Beverage,Professional,512,1024,6,True
logos/img_1339.png,Pictorial,Food & Beverage,Professional,256,1024,2,False
logos/img_1340.png,Pictorial,Technology,Playful,1024,1024,3,True
logos/img_1341.png,Combination,Healthcare,Trustworthy,512,1024,4,False
logos/img_1342.png,Emblem,Education,Bold,256,1024,4,False
logos/img_1343.png,Combination,Healthcare,Creative,512,512,7,True
logos/img_1344.png,Emblem,Sustainability,Minimalist,256,256,5,False
logos/img_1345.png,Lettermark,Healthcare,Minimalist,512,1024,7,False
logos/img_1346.png,Lettermark,Sustainability,Innovative,256,512,3,False
logos/img_1347.png,Abstract,Healthcare,Luxury,256,1024,7,False
logos/img_1348.png,Combination,Education,Innovative,512,1024,4,True
logos/img_1349.png,Wordmark,Education,Creative,1024,256,5,True
logos/img_1350.png,Combination,Retail,Innovative,256,256,3,True
logos/img_1351.png,Wordmark,Technology,Minimalist,1024,256,4,False
logos/img_1352.png,Pictorial,Education,Playful,512,1024,2,False
logos/img_1353.png,Combination,Sustainability,Professional,1024,1024,6,True
logos/img_1354.png,Pictorial,Education,Trustworthy,1024,1024,3,True
logos/img_1355.png,Lettermark,Retail,Professional,1024,256,5,False
logos/img_1356.png,Lettermark,Food & Beverage,Professional,1024,512,7,True
logos/img_1357.png,Abstract,Sustainability,Bold,1024,1024,7,True
logos/img_1358.png,Combination,Retail,Minimalist,256,1024,3,False
logos/img_1359.png,Pictorial,Real Estate,Creative,256,1024,5,True
